file,OD_x,OD_y
4239.png,54,109
4831.png,210,82
0951.png,38,118
0587.png,50,134
1587.png,190,126
3954.png,50,133
2932.png,102,109
3511.png,170,137
0265.png,42,102
4609.png,58,118
0894.png,49,154
0463.png,209,134
2201.png,214,142
1376.png,62,150
1935.png,195,129
1156.png,234,146
4415.png,178,134
1518.png,57,143
3086.png,174,110
3630.png,58,114
3988.png,74,126
0709.png,82,106
3567.png,66,122
2592.png,201,121
0343.png,94,114
2052.png,68,128
5166.png,218,118
5528.png,221,113
2675.png,198,122
1449.png,222,98
5374.png,70,126
0517.png,42,89
2464.png,68,118
3598.png,61,110
2893.png,61,130
0456.png,217,150
2616.png,186,130
3172.png,166,130
1569.png,230,106
3865.png,242,118
1625.png,205,123
2161.png,166,150
5335.png,46,146
0960.png,206,114
1589.png,202,102
3647.png,218,134
5156.png,222,126
5318.png,186,150
4573.png,202,137
4600.png,26,154
4037.png,82,133
2890.png,226,101
2988.png,222,142
1428.png,70,130
0604.png,198,138
0047.png,49,142
5352.png,34,118
2948.png,78,114
3205.png,202,134
2949.png,58,126
5140.png,60,161
5498.png,34,118
4643.png,217,123
2674.png,218,122
4811.png,234,104
0500.png,226,118
5115.png,242,138
5589.png,175,146
5133.png,49,94
1311.png,251,158
4406.png,82,142
0869.png,192,130
2198.png,81,122
4340.png,190,126
4738.png,248,134
5110.png,22,122
4891.png,111,129
2920.png,198,122
3360.png,73,153
0183.png,58,98
2091.png,188,144
1171.png,214,118
1102.png,194,142
4674.png,202,118
3891.png,158,101
4681.png,252,102
1664.png,206,134
0631.png,229,117
3018.png,190,122
2915.png,34,102
1861.png,62,102
4576.png,42,130
0582.png,66,122
1504.png,187,85
2715.png,183,130
2019.png,54,134
5280.png,18,138
3642.png,78,118
0424.png,80,127
4617.png,66,130
1354.png,69,126
3480.png,74,129
3110.png,50,133
0462.png,218,126
1896.png,73,118
4028.png,238,149
2660.png,69,138
0375.png,194,126
4149.png,66,114
1287.png,198,118
5481.png,70,114
0357.png,78,150
2446.png,185,118
4595.png,230,149
4215.png,54,133
2260.png,214,114
4403.png,49,118
0211.png,62,147
0836.png,166,130
5565.png,234,142
1336.png,198,126
1983.png,194,122
4866.png,69,146
4465.png,54,146
4293.png,22,114
0052.png,74,131
0782.png,46,105
3967.png,34,158
1506.png,62,150
1758.png,62,126
0941.png,66,138
4329.png,234,146
5278.png,86,158
0095.png,70,126
5108.png,222,149
2042.png,58,146
5168.png,233,137
2014.png,62,122
3043.png,206,118
2670.png,89,131
4234.png,38,114
3989.png,46,126
4656.png,218,107
5055.png,58,134
1087.png,62,142
4119.png,118,134
1420.png,46,94
2049.png,45,125
3688.png,45,126
0268.png,74,158
4490.png,218,126
2217.png,219,133
2630.png,202,106
1115.png,66,126
3046.png,86,146
0518.png,58,158
1854.png,78,142
0449.png,74,102
0306.png,218,122
1692.png,230,126
3377.png,70,118
0054.png,50,190
2154.png,242,106
4271.png,34,166
5469.png,66,138
1816.png,98,134
1719.png,58,126
3741.png,198,162
3214.png,186,138
5169.png,190,122
3292.png,190,126
4758.png,198,126
5007.png,178,130
0327.png,185,130
3746.png,54,114
3026.png,190,130
4748.png,190,131
1823.png,62,114
3434.png,78,110
2639.png,82,101
2131.png,210,170
1487.png,190,154
4766.png,66,110
3276.png,209,85
2494.png,58,130
4059.png,234,142
1932.png,66,133
2964.png,190,154
4222.png,202,122
2906.png,190,98
1303.png,54,118
5561.png,230,134
3867.png,89,126
1817.png,62,137
3429.png,64,138
0534.png,62,134
5113.png,218,117
1617.png,78,126
3117.png,218,138
0136.png,218,106
2056.png,70,126
3601.png,218,117
5203.png,62,102
2403.png,34,126
4885.png,18,142
1751.png,202,149
1700.png,222,134
0057.png,189,134
5033.png,198,142
4347.png,234,134
4792.png,46,98
2555.png,58,98
2055.png,241,165
4734.png,185,117
5506.png,34,150
4018.png,18,146
4323.png,218,130
2406.png,218,122
4783.png,204,110
4502.png,29,106
2424.png,50,114
2800.png,226,98
0284.png,90,138
0245.png,193,95
4027.png,233,146
0780.png,186,118
1360.png,45,125
3470.png,190,126
3770.png,248,97
5221.png,62,102
1908.png,58,126
1315.png,181,134
5244.png,222,141
4081.png,206,90
3766.png,234,122
1987.png,70,90
4691.png,30,166
1046.png,177,150
1807.png,106,122
1069.png,186,145
0705.png,190,114
4936.png,34,118
3352.png,206,94
5405.png,42,154
4530.png,38,138
3455.png,66,126
3016.png,186,134
1912.png,106,118
4411.png,198,130
4655.png,226,110
2954.png,190,114
2319.png,226,134
1479.png,210,130
2317.png,57,121
4584.png,210,138
4575.png,238,122
2393.png,70,102
2306.png,194,130
0561.png,24,137
2493.png,202,102
2077.png,62,146
1845.png,182,106
0667.png,81,130
5173.png,34,114
1794.png,210,106
2709.png,225,121
0690.png,238,118
3102.png,158,134
3788.png,38,158
4357.png,226,150
2582.png,42,78
1350.png,49,114
1147.png,218,142
4428.png,70,114
3738.png,34,135
4935.png,214,118
3774.png,218,146
0278.png,94,114
4767.png,62,106
5443.png,202,158
0524.png,190,133
2027.png,214,130
0864.png,178,138
4970.png,226,130
2010.png,201,105
2401.png,205,135
3331.png,82,146
3796.png,197,136
0318.png,186,130
2470.png,54,126
2213.png,45,137
3213.png,58,138
5429.png,62,142
4279.png,186,126
3951.png,225,102
3510.png,61,130
5089.png,218,122
1583.png,167,162
4843.png,18,110
1613.png,197,126
0616.png,58,126
2719.png,170,134
4774.png,42,103
0403.png,57,141
3279.png,197,119
0918.png,186,154
4987.png,231,141
1824.png,193,114
2876.png,90,130
0398.png,190,134
0717.png,190,126
4534.png,238,117
4212.png,226,122
4706.png,78,121
4630.png,10,141
1182.png,53,142
2147.png,58,126
4353.png,50,142
1272.png,162,110
5411.png,22,174
4154.png,54,122
4553.png,42,118
4111.png,198,146
1537.png,94,130
1392.png,78,94
5467.png,50,105
0731.png,78,158
2795.png,174,122
4556.png,222,150
4950.png,28,118
3339.png,58,134
2776.png,202,142
1683.png,46,117
4008.png,218,105
1122.png,44,170
3919.png,238,110
2700.png,66,102
2367.png,178,118
1430.png,79,134
1529.png,222,166
2158.png,69,102
2940.png,42,134
3165.png,193,126
4341.png,25,118
3806.png,230,126
3149.png,77,130
0256.png,242,150
1295.png,222,126
2750.png,49,137
3376.png,90,138
4888.png,36,151
3417.png,42,138
3879.png,206,130
1462.png,202,150
0027.png,214,138
0447.png,91,110
3903.png,20,129
0977.png,58,118
3073.png,58,126
5250.png,194,142
2591.png,70,109
5188.png,58,106
4842.png,218,170
0547.png,214,114
4790.png,53,117
4511.png,222,134
2817.png,190,130
5015.png,34,126
3940.png,54,98
0982.png,74,158
0948.png,90,140
5419.png,38,138
3095.png,58,138
1842.png,74,122
4798.png,50,130
3373.png,206,138
5153.png,42,114
3623.png,194,138
4894.png,34,102
1813.png,98,126
5182.png,46,118
1445.png,222,120
3350.png,46,130
5116.png,30,123
0206.png,208,141
5524.png,157,86
2806.png,190,133
2316.png,190,126
3427.png,106,126
5105.png,41,130
4195.png,58,118
0711.png,194,130
4470.png,26,126
1754.png,209,98
1034.png,217,122
2671.png,182,114
4759.png,176,125
5378.png,17,122
5580.png,62,158
5205.png,218,94
4832.png,34,142
2145.png,186,102
5454.png,222,122
3853.png,42,118
0201.png,198,126
3228.png,68,123
2873.png,85,121
0031.png,54,126
0664.png,54,122
4753.png,174,110
4953.png,206,142
0706.png,54,126
0822.png,230,146
4880.png,50,162
2030.png,66,134
0055.png,202,142
1855.png,202,138
2388.png,206,109
5463.png,58,189
5065.png,230,118
2744.png,213,122
4680.png,30,110
3232.png,62,102
2222.png,190,98
4367.png,18,150
4426.png,230,110
5541.png,58,142
5577.png,232,114
3636.png,66,118
2737.png,206,111
3581.png,62,102
4138.png,206,194
5317.png,26,102
3819.png,226,118
2143.png,89,130
1832.png,226,126
3103.png,53,129
1888.png,66,90
5046.png,178,134
4087.png,174,154
0765.png,206,194
1648.png,198,154
0677.png,77,119
3431.png,46,126
1994.png,58,130
4896.png,249,122
0633.png,78,138
5082.png,226,114
2235.png,194,134
1620.png,57,110
5570.png,26,129
2162.png,178,78
1142.png,202,130
3006.png,186,126
3393.png,38,122
4491.png,237,114
1081.png,82,106
2006.png,62,124
5032.png,174,126
2720.png,75,150
3868.png,230,130
3752.png,57,150
2378.png,45,154
1919.png,177,117
3048.png,186,129
2702.png,190,142
5564.png,226,146
3344.png,198,126
0993.png,73,117
0062.png,202,114
4021.png,210,146
3910.png,243,145
4337.png,46,154
4552.png,22,154
4257.png,18,130
3160.png,195,134
0928.png,62,122
0029.png,66,130
2718.png,66,122
1196.png,206,110
4703.png,194,146
4235.png,90,130
1955.png,190,142
1822.png,226,126
0939.png,65,137
3992.png,6,98
3921.png,42,138
2455.png,77,109
4467.png,218,158
2281.png,214,150
1565.png,69,94
4890.png,22,110
4158.png,37,126
2309.png,170,154
4733.png,2,89
2209.png,50,122
0986.png,35,114
3367.png,82,126
5404.png,70,134
4162.png,190,122
1204.png,78,130
1989.png,38,150
2807.png,214,122
2492.png,174,102
2333.png,213,164
2207.png,38,154
0888.png,66,109
4285.png,30,118
1829.png,71,129
4420.png,210,182
4540.png,62,166
3024.png,50,146
2650.png,190,126
0277.png,54,130
5465.png,66,138
4085.png,42,134
5251.png,218,130
4082.png,241,134
0112.png,219,98
2615.png,198,106
5008.png,78,142
3610.png,202,118
1790.png,190,114
4903.png,225,142
1525.png,73,134
3689.png,58,162
4720.png,170,150
0350.png,35,110
2638.png,186,130
1576.png,194,146
4968.png,46,148
0138.png,210,126
3440.png,65,122
0998.png,186,106
1361.png,106,118
0728.png,74,106
1870.png,46,138
1013.png,186,142
3096.png,58,130
5104.png,14,138
5302.png,22,110
4634.png,54,166
0308.png,234,138
3222.png,190,122
0695.png,178,146
2538.png,214,130
0655.png,54,102
0378.png,222,98
4226.png,70,169
3852.png,210,165
1235.png,178,134
0552.png,198,122
2518.png,178,130
3905.png,210,114
3932.png,43,90
3904.png,190,118
0943.png,53,85
1379.png,166,154
3180.png,202,134
5487.png,58,114
1937.png,210,109
1803.png,234,158
1491.png,202,130
0032.png,82,138
0958.png,102,126
1596.png,74,118
5397.png,50,130
3355.png,98,110
5507.png,186,132
5293.png,182,122
4167.png,46,129
1284.png,190,122
1349.png,173,130
3485.png,194,138
1768.png,190,138
5209.png,222,170
3888.png,230,141
3787.png,184,142
4310.png,210,158
1897.png,47,118
4334.png,62,118
5271.png,210,117
4745.png,26,122
4907.png,214,118
2220.png,201,130
5476.png,226,106
1746.png,66,114
1038.png,86,134
3635.png,237,119
5291.png,189,158
5037.png,234,158
2752.png,22,130
4012.png,170,126
3135.png,66,132
0953.png,86,135
1818.png,58,178
5175.png,57,116
3733.png,58,134
2820.png,70,114
3120.png,190,118
2802.png,214,114
4722.png,226,106
3670.png,205,126
0625.png,194,130
0030.png,50,113
2899.png,54,110
0626.png,174,117
3042.png,177,122
1441.png,86,102
3408.png,194,106
0764.png,77,145
4230.png,226,130
1195.png,210,110
0045.png,62,126
2352.png,34,142
0084.png,186,138
1331.png,210,130
4062.png,66,170
4902.png,234,118
0716.png,210,158
1493.png,77,149
1918.png,38,126
3271.png,174,122
1017.png,185,122
2473.png,61,127
4929.png,194,118
3327.png,206,130
3691.png,234,138
0842.png,186,110
3716.png,146,158
3641.png,50,126
0880.png,206,158
3258.png,178,118
4810.png,214,170
3081.png,65,118
2456.png,214,154
3631.png,58,113
2570.png,200,126
0912.png,194,138
1275.png,212,130
5345.png,42,130
4114.png,53,158
3914.png,241,146
3742.png,175,130
5519.png,182,142
5542.png,238,150
0648.png,82,106
2607.png,207,135
4912.png,18,118
0190.png,74,118
5315.png,176,149
5044.png,34,126
5248.png,50,118
1783.png,193,150
2123.png,86,106
0572.png,206,125
1550.png,63,134
1546.png,54,122
2958.png,186,134
2831.png,193,141
3150.png,202,146
0266.png,49,94
2812.png,30,98
5432.png,70,114
4080.png,222,122
1219.png,59,142
1154.png,90,138
3548.png,238,133
4558.png,26,122
3346.png,229,133
5510.png,46,146
0818.png,62,118
5304.png,46,106
2865.png,74,146
1091.png,208,82
3423.png,170,122
0615.png,77,129
2882.png,202,126
5072.png,217,122
0844.png,50,110
0757.png,81,126
0459.png,89,136
2173.png,73,141
0059.png,198,106
0832.png,58,134
0432.png,34,142
0257.png,85,114
0814.png,43,130
2362.png,62,126
5445.png,170,141
5186.png,249,141
3159.png,58,114
0898.png,70,97
1843.png,54,110
2463.png,62,134
3993.png,61,121
1321.png,186,142
4716.png,234,114
5042.png,237,142
2847.png,210,130
3506.png,58,149
4582.png,190,134
2597.png,66,122
2968.png,194,130
5353.png,234,130
0121.png,43,120
3666.png,244,116
2560.png,66,114
2475.png,37,122
4451.png,66,109
4483.png,234,134
1160.png,188,94
1946.png,58,129
2946.png,202,126
2046.png,74,134
5161.png,66,118
0040.png,77,138
0475.png,53,126
5068.png,210,122
1598.png,62,102
3304.png,212,102
4352.png,26,98
1199.png,66,122
4925.png,198,114
4454.png,58,126
4856.png,226,153
0405.png,213,110
2982.png,70,98
0915.png,185,118
4982.png,73,130
5078.png,234,162
5496.png,226,138
4941.png,216,142
4425.png,226,125
3220.png,201,145
2144.png,62,110
0296.png,222,118
3773.png,14,149
0805.png,186,130
0103.png,201,129
1436.png,234,102
5257.png,58,118
3608.png,210,130
4402.png,82,153
1214.png,190,130
4873.png,234,126
1339.png,62,133
0748.png,38,174
5369.png,210,106
4373.png,66,120
2868.png,62,138
3755.png,189,130
2291.png,189,105
3022.png,162,126
2626.png,50,130
2797.png,206,138
5441.png,74,122
0697.png,177,134
1277.png,198,142
0852.png,186,130
3321.png,22,117
5202.png,238,134
4453.png,74,126
5283.png,233,138
3084.png,214,110
4543.png,214,135
3400.png,89,130
0603.png,74,134
5114.png,202,114
3769.png,57,141
3753.png,42,90
5413.png,227,134
0784.png,201,145
4127.png,204,122
4692.png,234,150
2699.png,26,170
3198.png,216,122
0725.png,214,133
1319.png,58,126
2950.png,198,150
1752.png,70,122
1146.png,70,110
0535.png,66,122
2888.png,53,122
5026.png,50,114
5049.png,46,134
4635.png,186,158
5375.png,51,122
2469.png,206,114
1070.png,204,114
3481.png,94,130
3699.png,218,150
2683.png,202,110
0093.png,45,133
4414.png,210,118
3597.png,186,122
2690.png,204,77
1020.png,82,121
0001.png,231,134
4118.png,223,122
1404.png,70,133
1468.png,210,118
1756.png,178,90
5242.png,218,149
2374.png,18,134
1422.png,46,114
5043.png,22,130
4383.png,198,118
2489.png,213,134
1638.png,46,150
5558.png,38,118
3300.png,166,106
4493.png,202,138
1283.png,106,138
1320.png,66,118
4302.png,205,59
2447.png,197,118
3074.png,70,138
0002.png,197,121
3496.png,53,134
0125.png,222,90
4947.png,186,126
1135.png,55,138
2617.png,192,130
4332.png,221,97
3758.png,42,141
5235.png,54,114
1966.png,186,106
3858.png,114,130
2354.png,210,130
0102.png,206,122
3555.png,202,126
4123.png,190,86
3568.png,169,126
5220.png,210,122
2523.png,73,130
1727.png,50,141
1798.png,186,130
3385.png,54,118
4019.png,221,95
1485.png,64,125
2373.png,74,114
1717.png,197,124
5566.png,178,114
3504.png,194,129
2297.png,171,126
5138.png,38,113
2432.png,202,114
5076.png,197,109
1716.png,238,162
2796.png,73,129
0370.png,190,117
3605.png,218,126
4789.png,46,114
4338.png,22,118
2536.png,70,146
5295.png,42,122
4799.png,229,142
4471.png,54,122
5031.png,194,146
3008.png,54,114
2287.png,218,133
0710.png,234,122
0807.png,216,133
5559.png,234,126
4249.png,218,137
4295.png,74,133
0773.png,65,146
0595.png,194,118
4294.png,186,118
5500.png,45,130
1974.png,62,149
0438.png,50,138
3658.png,213,130
5094.png,54,122
1516.png,38,130
3307.png,198,130
1362.png,178,122
3105.png,70,142
2714.png,89,125
3545.png,78,134
1079.png,210,158
3187.png,210,121
1635.png,237,130
4399.png,238,134
1471.png,197,134
0829.png,226,106
1435.png,70,122
3848.png,18,138
0827.png,198,82
0910.png,189,110
1788.png,190,124
0251.png,63,133
0148.png,50,117
4244.png,187,105
5331.png,42,122
1770.png,74,130
0123.png,32,146
1158.png,214,90
4474.png,38,130
3052.png,194,126
2701.png,196,130
1417.png,198,130
4705.png,206,146
1396.png,62,118
1413.png,57,137
2642.png,106,114
0317.png,59,121
0513.png,193,122
3208.png,214,146
4393.png,53,174
3144.png,214,138
2289.png,77,154
4462.png,230,146
0557.png,60,110
5029.png,241,173
2672.png,197,126
3083.png,190,130
4918.png,30,170
0683.png,42,134
3389.png,46,146
5288.png,194,123
0840.png,65,126
5135.png,234,109
1532.png,46,122
4682.png,210,118
1496.png,194,134
1098.png,234,134
4548.png,34,142
4750.png,66,178
3050.png,202,90
4157.png,58,138
1773.png,62,146
1561.png,70,118
1949.png,70,130
1874.png,182,98
0451.png,62,130
3382.png,76,117
1434.png,210,110
5327.png,222,146
4519.png,62,98
4852.png,252,117
1582.png,178,142
4476.png,14,141
4546.png,10,138
4031.png,221,121
2850.png,198,146
1233.png,55,118
1723.png,78,118
2080.png,66,122
4517.png,26,142
1655.png,66,118
3809.png,82,130
2589.png,58,150
4690.png,70,109
1225.png,208,128
5414.png,21,154
2703.png,190,138
1945.png,186,126
4515.png,73,142
3592.png,210,126
3761.png,220,106
1264.png,175,106
1467.png,218,114
2644.png,66,130
3486.png,74,122
1097.png,50,91
2485.png,205,126
2858.png,74,106
0913.png,158,129
0384.png,178,132
3161.png,191,129
2355.png,61,126
2749.png,70,126
0038.png,58,106
1502.png,186,146
2987.png,42,90
2275.png,58,122
4070.png,62,138
5256.png,202,118
2679.png,179,157
4893.png,73,130
0528.png,65,137
0143.png,221,150
4996.png,234,118
0294.png,70,114
1956.png,42,146
5415.png,206,130
3660.png,58,106
3590.png,196,141
2288.png,194,138
3751.png,54,134
3517.png,242,146
4219.png,194,149
5014.png,226,130
3164.png,90,110
2087.png,190,126
1837.png,66,118
0962.png,210,133
1915.png,82,130
3362.png,194,138
0324.png,58,126
2379.png,193,86
4203.png,218,146
0573.png,90,118
1703.png,202,138
4041.png,30,145
2229.png,82,121
3862.png,202,114
2326.png,66,118
4863.png,238,146
0506.png,108,134
0082.png,76,162
2088.png,66,122
4757.png,26,102
0162.png,185,122
4977.png,30,154
2918.png,70,138
4351.png,226,126
0233.png,82,114
1776.png,190,122
1904.png,182,138
2312.png,62,106
2476.png,186,110
5585.png,209,139
4875.png,182,134
2712.png,65,114
0067.png,237,150
1412.png,62,118
0526.png,198,94
3282.png,185,126
1279.png,70,126
3097.png,206,122
2657.png,211,130
2631.png,198,124
0838.png,209,122
0412.png,38,118
2159.png,206,134
0653.png,106,129
1513.png,189,80
2441.png,230,158
0063.png,178,110
5438.png,198,130
4816.png,62,114
5373.png,193,141
5077.png,62,126
2257.png,178,106
2520.png,50,110
4782.png,22,146
1073.png,58,126
0458.png,58,122
4110.png,222,138
1426.png,46,142
2789.png,62,118
4984.png,54,122
4746.png,193,122
4456.png,230,134
4408.png,30,137
2549.png,59,113
3157.png,70,126
1197.png,86,147
1772.png,70,102
3166.png,78,134
0228.png,30,123
1682.png,78,122
4671.png,186,94
4097.png,13,134
1207.png,61,102
3038.png,65,126
4830.png,50,141
4741.png,45,118
2678.png,222,117
2264.png,193,141
4809.png,42,126
4544.png,225,146
3500.png,43,98
2976.png,58,146
1203.png,86,102
2583.png,218,138
1629.png,193,121
1124.png,194,122
4538.png,215,137
2866.png,81,153
0804.png,74,138
1071.png,66,158
3369.png,50,137
0796.png,34,110
0205.png,50,126
0461.png,198,142
1612.png,206,125
2669.png,17,129
4637.png,22,97
0116.png,226,114
3211.png,42,102
2527.png,90,134
3784.png,58,122
5366.png,62,121
5019.png,74,102
5358.png,22,181
5379.png,146,114
4633.png,206,138
3877.png,226,146
0182.png,221,126
1386.png,34,126
4808.png,50,106
3457.png,211,138
0871.png,214,121
1539.png,74,138
3146.png,222,122
5444.png,42,102
3137.png,30,126
2165.png,62,94
4780.png,50,150
3132.png,194,126
3170.png,206,123
1403.png,171,142
4784.png,166,126
5109.png,202,170
2038.png,62,106
0374.png,206,106
4376.png,22,134
5004.png,234,142
0696.png,222,122
0163.png,230,134
2451.png,190,118
3535.png,77,150
3804.png,18,134
0368.png,230,126
2872.png,68,94
2256.png,186,142
2223.png,222,126
0020.png,198,122
0610.png,222,134
0336.png,214,154
5219.png,226,142
0529.png,58,106
0957.png,90,110
4917.png,218,138
4423.png,34,133
0024.png,74,110
2092.png,194,110
4930.png,234,158
4283.png,62,142
0632.png,66,126
1711.png,65,121
1973.png,62,126
3897.png,186,150
3981.png,33,150
4430.png,42,102
0879.png,57,117
4869.png,235,137
5546.png,198,158
1599.png,193,122
1990.png,66,122
0173.png,54,122
5491.png,13,122
0745.png,65,122
2170.png,69,119
2086.png,194,121
2909.png,54,122
2313.png,74,130
2405.png,82,130
4881.png,214,146
4855.png,238,158
4518.png,190,122
0843.png,190,118
3139.png,182,138
5470.png,70,118
4205.png,182,109
0834.png,82,118
5100.png,58,117
3147.png,62,130
2043.png,94,138
0718.png,58,90
5158.png,249,106
1657.png,73,124
2756.png,234,110
5157.png,86,102
0850.png,78,94
0601.png,194,125
3154.png,65,125
4259.png,234,166
3589.png,77,121
3878.png,34,98
4657.png,226,142
4308.png,58,126
2798.png,62,117
3906.png,230,142
0847.png,214,126
0778.png,66,105
1019.png,70,106
1099.png,58,130
2896.png,183,93
4760.png,226,122
5523.png,50,94
1830.png,182,126
0155.png,178,126
1893.png,181,154
1021.png,222,156
2528.png,66,122
3870.png,234,134
5064.png,58,113
4874.png,161,118
0367.png,218,122
3219.png,58,126
2004.png,86,126
3531.png,102,114
4299.png,238,110
3275.png,178,126
2844.png,225,122
3305.png,170,118
5230.png,21,137
0567.png,74,142
1699.png,206,118
1016.png,218,122
5132.png,222,142
5290.png,214,130
3266.png,182,118
2548.png,93,134
1733.png,202,102
2659.png,46,130
3942.png,30,122
3032.png,162,121
2886.png,229,146
4448.png,78,170
1288.png,201,107
3253.png,187,126
3539.png,77,104
5117.png,226,114
2814.png,218,134
2116.png,218,134
4297.png,218,134
2695.png,98,142
3624.png,51,126
4079.png,218,114
4369.png,234,126
4675.png,49,166
5036.png,210,130
4887.png,230,154
2134.png,70,126
4004.png,210,114
3256.png,182,86
4350.png,226,129
4568.png,218,114
2236.png,98,138
5265.png,50,174
5141.png,46,126
4724.png,241,126
1113.png,231,141
1469.png,174,118
0325.png,89,125
5090.png,230,130
5306.png,62,118
0519.png,222,146
2471.png,201,114
3391.png,209,97
4577.png,50,122
0168.png,78,136
2622.png,50,122
2824.png,214,122
4218.png,42,142
1059.png,190,106
1747.png,214,122
5106.png,70,162
4589.png,30,114
4264.png,78,130
3628.png,78,106
4278.png,114,137
2943.png,46,96
4499.png,198,162
4590.png,37,149
3104.png,186,134
0159.png,46,130
0522.png,22,118
4840.png,202,146
4829.png,58,99
0754.png,214,130
2668.png,34,142
4707.png,222,130
0659.png,204,132
1708.png,66,146
1678.png,202,150
3010.png,234,146
4615.png,30,166
0899.png,230,126
1755.png,210,142
2271.png,206,126
5514.png,62,138
0914.png,54,154
2574.png,173,157
1134.png,78,126
1718.png,109,153
3237.png,186,118
4250.png,202,106
4084.png,77,129
3759.png,38,118
5340.png,74,138
5537.png,222,114
2996.png,222,138
4578.png,22,154
1111.png,210,110
1085.png,218,118
0005.png,74,134
4156.png,249,145
1849.png,66,134
1673.png,226,134
3267.png,202,122
1789.png,78,114
0562.png,225,122
1659.png,74,114
1645.png,178,150
1705.png,189,135
4978.png,130,137
1979.png,42,102
3379.png,162,98
3028.png,202,86
5582.png,214,146
5312.png,82,118
1556.png,57,118
2572.png,215,157
4269.png,210,150
4263.png,46,126
0811.png,186,154
1988.png,78,102
5300.png,202,130
3201.png,198,142
0853.png,197,126
5474.png,214,126
0624.png,60,150
2361.png,85,159
3491.png,213,102
1534.png,74,82
3100.png,54,138
1641.png,238,99
0320.png,198,138
4645.png,34,122
1178.png,194,130
2382.png,70,130
3723.png,182,150
2681.png,190,98
1049.png,210,138
0261.png,62,126
1262.png,222,134
2839.png,226,122
3695.png,233,109
3036.png,94,166
1132.png,86,130
1938.png,66,118
2044.png,66,122
1632.png,154,108
1996.png,198,126
1341.png,65,121
4365.png,158,130
2693.png,70,150
3902.png,249,150
1670.png,176,133
2552.png,165,105
1760.png,182,134
0450.png,178,121
5195.png,41,113
1866.png,62,150
1601.png,214,134
1224.png,50,102
1414.png,78,89
5002.png,62,130
3918.png,41,102
3285.png,202,130
3452.png,186,134
5324.png,34,110
4169.png,202,145
4240.png,38,138
0732.png,66,122
5468.png,190,128
4788.png,174,126
1378.png,38,106
0978.png,41,130
3428.png,78,110
2571.png,190,118
4147.png,54,110
4823.png,217,150
2605.png,54,141
3619.png,194,130
5299.png,34,142
4258.png,186,126
1210.png,61,122
1580.png,82,134
2901.png,34,137
4049.png,246,116
1482.png,186,124
2842.png,182,130
0083.png,86,122
3607.png,62,122
0028.png,86,118
0237.png,215,116
4986.png,38,114
4333.png,249,140
4053.png,34,118
4594.png,6,98
3569.png,70,114
3745.png,70,114
3945.png,245,141
1381.png,65,138
0974.png,26,117
0351.png,60,97
4689.png,58,142
4652.png,234,142
4966.png,238,116
2421.png,202,122
3322.png,182,142
1345.png,182,130
5475.png,210,150
3397.png,194,126
0167.png,64,105
4093.png,242,142
2060.png,73,130
2875.png,66,102
3958.png,22,122
1660.png,214,106
2935.png,190,130
4849.png,230,170
1239.png,58,138
2677.png,193,130
0026.png,173,133
4933.png,218,97
3892.png,186,122
1328.png,58,130
0681.png,186,138
3777.png,82,113
3971.png,50,114
1093.png,46,98
3829.png,58,122
0017.png,194,106
0236.png,42,146
4781.png,58,110
3425.png,234,110
3075.png,44,118
1796.png,51,126
0502.png,42,158
2197.png,58,98
2107.png,182,114
3529.png,86,134
3041.png,50,130
2848.png,174,129
4346.png,50,109
0756.png,61,126
1194.png,102,118
1628.png,210,130
3439.png,230,134
4848.png,210,138
0532.png,58,114
3893.png,170,106
2048.png,62,102
3731.png,38,150
1109.png,234,114
4572.png,65,102
2137.png,62,122
3370.png,90,134
5011.png,233,139
1387.png,61,114
3065.png,214,122
2273.png,61,143
0333.png,70,130
5391.png,42,150
4683.png,23,118
5051.png,62,118
1157.png,86,126
3234.png,198,110
1997.png,230,138
3140.png,26,150
3143.png,193,118
3501.png,214,130
2357.png,78,126
4366.png,234,126
0291.png,58,114
3402.png,198,122
2941.png,27,126
1735.png,217,122
2041.png,206,142
5539.png,82,122
1353.png,210,125
0416.png,222,102
5387.png,190,130
5285.png,186,109
1877.png,195,117
0743.png,58,94
2973.png,58,122
2416.png,182,126
4920.png,193,146
0614.png,74,134
2921.png,198,114
1255.png,202,109
3880.png,238,130
3649.png,58,117
3924.png,186,144
4256.png,218,134
3264.png,41,100
4016.png,58,122
4198.png,41,122
5206.png,21,164
4202.png,244,133
2105.png,37,158
0679.png,203,122
1211.png,150,122
5227.png,78,110
0583.png,74,110
4176.png,34,130
3684.png,226,122
3371.png,210,118
5259.png,42,154
5381.png,249,142
3679.png,214,106
0920.png,26,134
5101.png,214,142
1056.png,62,154
2194.png,206,154
0085.png,214,130
3181.png,214,134
3497.png,193,127
3454.png,30,137
0010.png,46,114
1096.png,214,114
4268.png,194,125
4058.png,58,127
3677.png,193,166
2495.png,190,117
0499.png,46,138
0810.png,222,138
4847.png,66,114
1022.png,90,142
1385.png,70,94
2216.png,58,110
4785.png,237,134
5308.png,210,126
4900.png,45,114
5252.png,226,94
2786.png,213,134
2666.png,222,122
4695.png,82,126
2083.png,46,125
1777.png,234,98
0253.png,50,110
2022.png,98,122
2799.png,190,98
3353.png,206,122
2491.png,182,117
0688.png,206,122
2546.png,201,138
3541.png,43,96
0740.png,218,122
2861.png,102,134
5056.png,242,110
0323.png,66,122
1785.png,219,109
2556.png,186,110
4024.png,30,146
3066.png,214,141
3162.png,218,138
3179.png,82,138
0076.png,58,138
1302.png,74,118
1875.png,194,122
3068.png,180,170
1667.png,198,114
3584.png,214,121
3495.png,62,122
1268.png,62,114
2827.png,182,106
0014.png,62,102
5163.png,234,121
4700.png,174,134
4731.png,190,122
1571.png,194,101
1041.png,150,126
2484.png,66,94
3426.png,66,125
3859.png,182,122
5554.png,46,145
2472.png,78,126
1812.png,186,130
5074.png,222,142
2837.png,82,134
0980.png,90,130
5403.png,201,119
2076.png,202,130
3786.png,214,146
0061.png,66,132
4224.png,210,126
0820.png,62,122
3122.png,198,110
1726.png,62,126
1805.png,66,154
2408.png,218,98
0234.png,213,121
1856.png,86,118
0354.png,58,126
1364.png,102,130
0033.png,46,154
4651.png,74,130
1401.png,46,109
5562.png,85,120
0383.png,214,122
1261.png,202,138
5282.png,18,146
4908.png,56,106
1581.png,47,145
2001.png,162,154
4564.png,230,122
0546.png,69,121
5409.png,222,102
4952.png,26,154
2458.png,190,106
3037.png,66,122
3345.png,86,118
2387.png,202,142
4897.png,37,105
1950.png,50,110
1555.png,226,126
2191.png,186,130
1258.png,66,138
2481.png,57,122
2981.png,214,142
0569.png,170,134
2202.png,64,130
0114.png,190,130
2029.png,49,121
2687.png,38,126
4165.png,45,149
3771.png,139,142
4859.png,26,166
2852.png,186,126
5348.png,206,102
3887.png,202,126
2908.png,46,114
3296.png,222,106
5070.png,66,110
1452.png,62,142
4931.png,206,98
2171.png,206,150
4661.png,194,122
0556.png,58,98
0559.png,70,102
3556.png,194,118
0039.png,234,138
5368.png,38,110
3913.png,60,138
5047.png,240,118
0901.png,238,126
3329.png,210,114
0077.png,30,134
2512.png,53,133
4611.png,229,115
3792.png,54,130
2410.png,198,98
1159.png,38,142
0409.png,78,134
5457.png,234,134
4077.png,26,146
3984.png,4,142
2276.png,214,139
5417.png,238,82
0809.png,210,142
3959.png,26,114
4522.png,214,146
0812.png,168,114
5303.png,170,122
0774.png,190,130
1305.png,178,126
1531.png,178,125
3811.png,120,160
2433.png,78,98
1306.png,194,102
3076.png,57,138
3560.png,222,126
1326.png,190,125
1489.png,54,138
0472.png,58,134
3173.png,194,106
2773.png,42,126
1380.png,50,122
4288.png,34,118
2763.png,77,111
1461.png,62,126
5197.png,58,142
1189.png,39,113
5275.png,30,110
5217.png,234,106
4559.png,78,134
1590.png,186,82
3152.png,66,122
5399.png,30,138
3472.png,202,114
0680.png,222,126
5298.png,42,138
3824.png,222,134
5520.png,210,110
2726.png,226,158
3192.png,178,122
5136.png,85,118
0905.png,190,138
1553.png,226,142
0293.png,194,98
0860.png,214,138
5118.png,210,130
1769.png,202,102
1318.png,206,162
3996.png,222,94
3053.png,50,129
2697.png,41,118
2100.png,98,134
3846.png,242,110
1152.png,77,174
4129.png,194,110
2418.png,194,122
5263.png,218,142
2585.png,58,166
2713.png,52,118
1356.png,198,114
5167.png,74,130
0177.png,70,126
1248.png,54,90
4397.png,242,106
2381.png,70,150
2917.png,194,106
3436.png,190,138
2813.png,77,122
4778.png,26,94
1658.png,65,129
2284.png,170,110
4069.png,210,105
1244.png,194,123
5174.png,81,106
1907.png,186,158
5030.png,205,126
0227.png,197,125
4437.png,218,149
3004.png,93,134
1026.png,42,122
4946.png,234,98
4535.png,228,101
1359.png,66,138
1033.png,210,146
5531.png,102,134
0551.png,194,150
0554.png,162,106
3361.png,70,162
0872.png,210,130
0991.png,130,189
1446.png,202,117
0730.png,46,118
0579.png,62,102
0884.png,196,118
3054.png,54,122
3375.png,178,122
4882.png,234,138
2112.png,198,146
1333.png,173,129
2739.png,236,126
2239.png,54,114
5336.png,225,151
5342.png,54,121
3832.png,74,126
0156.png,206,138
3047.png,94,122
0544.png,54,150
5243.png,222,122
1609.png,58,106
1040.png,26,99
4187.png,86,106
3543.png,49,105
3820.png,58,138
3433.png,182,122
2311.png,65,114
0478.png,222,126
2620.png,58,118
0498.png,210,122
0181.png,154,122
4934.png,18,126
2836.png,86,154
0976.png,214,126
0997.png,73,97
4356.png,46,133
3929.png,234,162
1922.png,90,130
2065.png,222,114
4134.png,170,110
0131.png,62,125
3602.png,226,114
3277.png,57,106
3077.png,51,122
4797.png,63,130
3931.png,190,130
4602.png,78,134
1662.png,186,122
4960.png,46,126
4001.png,150,78
1215.png,90,114
0477.png,66,146
2011.png,193,113
4434.png,214,110
3317.png,70,118
1948.png,222,154
4768.png,230,126
5515.png,214,118
5418.png,158,178
1410.png,198,98
1619.png,65,118
4787.png,61,102
4322.png,22,110
2226.png,46,94
0435.png,186,102
1729.png,69,94
5232.png,217,125
2461.png,190,150
1731.png,218,98
3916.png,22,150
1405.png,90,113
2140.png,193,130
4723.png,11,85
1982.png,190,134
4845.png,25,146
2575.png,38,114
5360.png,46,142
0189.png,174,134
2916.png,78,102
3828.png,206,117
3886.png,210,138
2564.png,70,86
4214.png,190,134
2045.png,42,146
2995.png,189,108
0048.png,190,122
3591.png,194,133
0184.png,75,136
3093.png,226,102
2012.png,73,124
4638.png,50,126
1423.png,206,117
2479.png,46,94
3837.png,226,110
2815.png,202,118
5069.png,238,154
3356.png,74,126
3651.png,42,110
4075.png,238,134
3570.png,153,141
4164.png,22,114
4440.png,33,137
1851.png,87,109
2298.png,117,150
2445.png,233,106
2188.png,210,130
2280.png,58,126
1191.png,169,126
3793.png,57,145
4710.png,58,150
0363.png,58,130
2050.png,186,126
3523.png,62,154
2851.png,189,130
2897.png,34,126
5262.png,42,118
0823.png,230,134
2754.png,114,138
4152.png,62,126
0634.png,66,146
4909.png,194,130
0577.png,58,126
0331.png,210,102
0365.png,194,113
0549.png,198,129
1764.png,210,134
5455.png,234,162
3196.png,182,122
5215.png,101,105
2358.png,42,113
1884.png,70,98
3009.png,194,102
5581.png,253,145
0178.png,58,130
0244.png,210,127
3779.png,210,138
3665.png,206,86
3526.png,173,149
0289.png,193,138
2663.png,218,146
1289.png,82,114
3476.png,70,122
1968.png,169,122
1127.png,194,133
3280.png,230,154
1784.png,78,133
4975.png,34,110
3058.png,206,118
4620.png,22,106
3842.png,38,149
5480.png,26,154
1238.png,70,102
1584.png,82,134
4401.png,54,94
1105.png,217,126
0105.png,186,142
2907.png,214,122
3109.png,62,130
5410.png,221,154
0193.png,149,121
2237.png,50,138
0949.png,50,130
2013.png,38,158
2604.png,198,130
3035.png,189,117
3564.png,58,122
0963.png,62,142
0081.png,62,140
2933.png,218,134
3957.png,214,146
3283.png,177,138
1761.png,210,133
2951.png,174,130
5148.png,190,125
5435.png,174,134
0662.png,201,130
4315.png,34,162
1029.png,58,134
3534.png,222,150
2635.png,197,118
2063.png,186,166
2543.png,30,130
0157.png,66,119
1346.png,206,140
1879.png,198,98
0171.png,210,122
0192.png,54,122
0222.png,178,118
1642.png,218,121
4442.png,182,114
0707.png,194,138
0797.png,214,114
4857.png,206,158
0491.png,194,122
2662.png,41,175
4061.png,78,89
0292.png,62,154
2611.png,218,124
0668.png,167,130
4839.png,214,125
2295.png,42,150
3087.png,57,130
4993.png,218,98
3405.png,22,118
4954.png,210,130
4055.png,34,126
4574.png,54,146
3310.png,58,122
2856.png,222,138
5516.png,206,138
5236.png,218,130
1120.png,214,150
0654.png,225,177
1184.png,189,134
4290.png,42,134
1114.png,210,114
1138.png,53,134
3612.png,102,118
0223.png,202,158
5111.png,78,134
4679.png,85,121
3703.png,62,182
1187.png,210,130
1872.png,181,154
2502.png,54,109
1293.png,226,110
1086.png,218,106
0025.png,202,121
3765.png,170,125
5408.png,34,122
0542.png,232,122
0512.png,210,114
5376.png,218,134
0790.png,174,125
4142.png,222,141
0147.png,213,158
2293.png,62,102
2971.png,78,122
4586.png,201,129
3302.png,62,121
4566.png,34,113
5000.png,218,137
2466.png,58,138
2483.png,82,114
0876.png,185,130
0831.png,65,122
4922.png,58,114
1898.png,98,142
3507.png,78,113
0674.png,46,106
3621.png,230,114
3057.png,193,122
0144.png,58,114
2887.png,225,130
1557.png,54,114
5018.png,58,126
0635.png,57,130
2530.png,222,135
3728.png,168,142
1231.png,114,145
4662.png,219,162
1112.png,58,142
4101.png,50,118
0377.png,53,113
3794.png,249,134
0486.png,70,118
3653.png,201,133
0360.png,221,133
5269.png,194,110
0828.png,206,106
4447.png,222,122
0165.png,182,122
2098.png,202,142
2780.png,214,138
0262.png,210,122
4387.png,205,79
3730.png,222,134
1527.png,218,146
4684.png,46,110
0935.png,186,119
1164.png,58,138
2923.png,210,98
0902.png,61,134
3241.png,202,102
5144.png,18,133
4131.png,38,130
5400.png,4,137
1369.png,198,122
2577.png,82,109
3783.png,198,126
2716.png,166,118
0009.png,54,122
2156.png,42,121
5198.png,182,130
3901.png,62,134
5344.png,198,146
3943.png,26,118
2000.png,54,126
4396.png,25,108
4076.png,14,113
4497.png,42,146
0909.png,206,138
0219.png,202,122
2135.png,65,122
1702.png,194,102
3273.png,142,103
1476.png,214,106
4658.png,22,102
2760.png,94,122
0225.png,250,137
3505.png,70,126
1495.png,190,94
5328.png,158,126
5354.png,214,150
5406.png,25,150
4521.png,218,146
2163.png,58,126
5437.png,22,125
2738.png,201,154
2351.png,54,122
1198.png,162,102
3063.png,170,118
5080.png,206,138
2692.png,106,150
3513.png,190,121
1693.png,64,122
1954.png,61,121
2961.png,52,106
4514.png,62,114
3509.png,210,150
3625.png,50,130
4331.png,197,114
4418.png,25,158
4457.png,43,110
0825.png,50,110
0016.png,58,124
2550.png,198,118
4862.png,58,147
2944.png,205,152
3576.png,61,135
4168.png,22,134
2402.png,80,130
1624.png,62,118
4355.png,181,102
2664.png,218,134
0108.png,80,129
4995.png,210,138
4143.png,218,138
4289.png,242,166
2717.png,178,158
3445.png,82,102
4033.png,50,158
0985.png,58,98
5532.png,49,130
5575.png,50,178
3719.png,32,106
2186.png,174,122
5426.png,38,153
3021.png,190,142
4585.png,22,94
3128.png,66,142
2513.png,98,138
0212.png,134,122
1969.png,66,126
5003.png,214,141
0281.png,222,98
0934.png,178,130
4850.png,41,142
3915.png,222,94
3347.png,82,94
2302.png,49,114
0669.png,220,130
3107.png,65,158
4550.png,29,98
1425.png,213,94
3871.png,218,142
1281.png,89,106
4563.png,18,94
4647.png,25,126
2218.png,242,146
0109.png,77,105
0746.png,198,138
1646.png,58,130
3965.png,18,122
5165.png,214,138
3441.png,70,158
3487.png,57,129
2064.png,214,130
2129.png,38,111
0779.png,58,138
0594.png,162,94
5351.png,210,137
2133.png,214,110
3116.png,30,138
1605.png,90,110
2409.png,194,130
0488.png,186,118
5316.png,230,126
1450.png,58,97
1714.png,194,146
3447.png,66,114
0589.png,94,113
2643.png,176,127
0981.png,62,118
3987.png,50,106
0394.png,66,138
4384.png,226,134
4450.png,214,122
3854.png,61,81
0239.png,44,153
2603.png,58,138
4795.png,86,138
2438.png,190,137
1168.png,191,109
1739.png,190,102
1126.png,193,154
2420.png,66,118
5009.png,74,106
3320.png,233,173
2731.png,50,102
3064.png,209,111
4313.png,197,122
0574.png,190,128
3551.png,170,130
2122.png,70,126
4820.png,229,126
4136.png,222,138
1104.png,50,154
1338.png,74,122
2203.png,54,130
1402.png,38,114
3236.png,194,150
4940.png,32,141
0891.png,186,126
1665.png,58,118
2272.png,230,142
3372.png,190,98
4364.png,226,118
1192.png,214,126
4017.png,26,158
2648.png,62,129
3776.png,70,142
2742.png,229,94
5330.png,206,134
0444.png,190,110
4128.png,42,141
5081.png,138,102
5273.png,74,130
4089.png,238,169
2606.png,182,142
0727.png,190,134
1606.png,73,110
0134.png,190,141
0715.png,174,125
1416.png,55,138
4438.png,230,90
0708.png,194,94
0470.png,160,114
2190.png,190,98
3818.png,194,130
4729.png,22,122
5067.png,218,126
2097.png,198,130
3330.png,62,150
5525.png,210,117
5471.png,66,106
2251.png,218,130
2292.png,189,126
1957.png,210,138
4023.png,205,132
0445.png,210,146
2746.png,158,94
3726.png,22,162
3616.png,198,142
5511.png,58,126
0771.png,224,130
0122.png,186,130
4002.png,66,178
0090.png,205,145
4166.png,90,134
1492.png,54,142
5125.png,217,126
0938.png,186,125
1415.png,190,126
2265.png,84,142
1509.png,186,109
4554.png,49,133
0959.png,186,130
4926.png,89,206
4439.png,201,150
2637.png,58,126
2805.png,174,127
5583.png,241,78
2200.png,206,118
3950.png,25,134
3121.png,186,170
2212.png,65,101
4991.png,242,154
0684.png,46,110
5382.png,154,158
0361.png,174,114
5234.png,229,133
1808.png,178,150
2506.png,178,126
0753.png,70,94
4320.png,210,102
0975.png,190,101
5362.png,214,102
3488.png,57,136
5181.png,61,127
0609.png,74,130
1055.png,86,134
3810.png,190,162
4744.png,222,143
0501.png,203,137
4524.png,230,146
2094.png,94,114
0878.png,202,110
3099.png,55,110
5517.png,186,190
4704.png,174,129
2127.png,177,141
2040.png,201,133
2430.png,170,134
0013.png,102,118
1366.png,190,128
1795.png,66,110
4410.png,42,138
1144.png,194,134
3221.png,221,125
3484.png,185,105
2482.png,66,125
4231.png,222,130
1911.png,34,98
0649.png,70,142
1507.png,62,126
4054.png,198,142
3790.png,26,121
4326.png,218,102
5571.png,26,134
0072.png,55,129
4747.png,30,134
5370.png,46,130
2563.png,206,130
0130.png,222,126
0158.png,42,118
1058.png,70,126
1721.png,194,134
0548.png,190,126
0071.png,226,102
3899.png,214,142
2072.png,62,102
1457.png,238,109
0337.png,206,118
2595.png,45,125
3994.png,70,98
0929.png,66,110
0338.png,222,98
2051.png,182,110
5549.png,206,158
0476.png,42,134
4209.png,34,122
5356.png,210,154
2192.png,70,118
3652.png,54,113
1075.png,66,130
2686.png,230,122
2457.png,206,110
0349.png,38,90
5540.png,210,134
5359.png,46,126
5446.png,54,174
4282.png,38,126
4800.png,177,122
0893.png,38,122
5010.png,30,142
4825.png,38,130
5555.png,253,106
0701.png,217,114
4525.png,82,110
1274.png,66,130
4696.png,226,142
1831.png,210,126
0328.png,226,142
3335.png,186,122
1276.png,186,122
4971.png,190,149
3693.png,178,114
3049.png,226,118
2788.png,73,102
4627.png,225,86
0204.png,50,110
3812.png,234,138
3999.png,14,114
0736.png,189,130
3925.png,234,158
3246.png,226,130
3799.png,38,146
2558.png,209,98
1554.png,50,126
2347.png,238,110
4728.png,210,86
4445.png,42,122
4048.png,90,130
0791.png,57,113
1559.png,218,134
2891.png,74,130
5339.png,18,122
2079.png,210,106
1791.png,214,122
1397.png,235,110
5347.png,230,154
1116.png,189,133
4528.png,62,94
4120.png,62,99
4217.png,38,142
2580.png,82,106
2710.png,50,134
2816.png,29,153
2673.png,90,130
1237.png,198,126
2515.png,78,134
3199.png,198,126
1567.png,54,138
2141.png,42,142
1372.png,214,118
3148.png,210,114
5098.png,77,120
0319.png,29,122
0221.png,42,102
0720.png,186,122
2785.png,218,98
2784.png,217,122
3089.png,182,134
1697.png,174,122
1820.png,65,102
2480.png,93,134
4034.png,198,94
0170.png,69,130
2078.png,46,126
3851.png,217,149
0303.png,202,110
4354.png,14,142
1325.png,186,118
5059.png,230,126
0495.png,38,134
0371.png,218,110
3467.png,86,134
0989.png,186,122
4598.png,230,122
1928.png,190,138
5412.png,226,133
2761.png,226,134
4629.png,194,142
5460.png,30,184
5461.png,25,114
3639.png,202,98
3667.png,26,110
4359.png,234,126
4042.png,222,134
1809.png,169,130
0723.png,46,146
4601.png,217,126
1028.png,209,162
4769.png,78,158
0126.png,50,142
2578.png,74,126
5152.png,234,142
5425.png,66,157
2905.png,98,86
1247.png,190,130
2966.png,69,130
1431.png,70,134
4751.png,34,138
1936.png,181,94
3299.png,69,135
5107.png,222,130
0924.png,182,110
2263.png,190,134
0175.png,194,102
5392.png,234,174
1934.png,173,117
1604.png,194,110
0286.png,66,141
3380.png,126,128
5544.png,189,124
5180.png,26,150
5190.png,30,138
3194.png,194,110
3542.png,66,138
1819.png,206,121
1439.png,82,138
4339.png,34,134
4107.png,194,122
5123.png,22,150
2772.png,198,126
3406.png,85,126
1050.png,182,135
0046.png,211,122
0750.png,74,142
1750.png,226,134
0419.png,73,119
3803.png,30,162
4066.png,244,141
1815.png,193,125
2324.png,50,142
1294.png,50,94
2845.png,73,118
1899.png,44,146
3475.png,35,126
4227.png,54,161
5121.png,54,130
0466.png,112,154
0410.png,66,114
1767.png,210,102
3520.png,49,114
4431.png,65,121
2688.png,70,110
3338.png,94,98
1051.png,59,133
1528.png,182,102
4032.png,45,158
1610.png,186,122
0592.png,70,94
1573.png,70,130
3657.png,62,138
3297.png,78,118
4479.png,214,166
4516.png,230,126
0259.png,210,110
2026.png,190,110
2250.png,81,126
4020.png,218,141
3293.png,46,106
1421.png,78,126
1901.png,193,114
0481.png,30,134
5184.png,218,113
3498.png,222,94
3533.png,78,113
0996.png,230,134
5504.png,218,126
1906.png,66,118
0145.png,174,134
5143.png,234,118
1653.png,62,114
1077.png,194,110
2884.png,62,122
2927.png,226,126
4122.png,178,134
3343.png,182,114
2066.png,190,113
0527.png,41,149
1530.png,210,122
2517.png,81,126
4446.png,206,110
3184.png,40,114
0429.png,62,78
1043.png,198,166
3288.png,182,154
2394.png,46,114
0803.png,214,118
4879.png,54,174
4311.png,190,134
1036.png,214,117
0762.png,58,130
1173.png,201,122
1408.png,66,106
3240.png,178,126
4487.png,58,114
3969.png,214,94
4197.png,26,170
5274.png,182,138
2497.png,182,130
5518.png,178,162
0288.png,186,126
2380.png,70,126
5083.png,62,142
0742.png,38,110
0008.png,56,145
4739.png,186,122
5590.png,60,137
4245.png,58,142
2434.png,194,90
1500.png,170,108
1707.png,106,126
2300.png,58,118
4141.png,86,146
3835.png,110,114
1347.png,211,126
2658.png,186,134
2035.png,53,109
0224.png,58,144
5142.png,22,122
4050.png,30,122
0004.png,74,142
3463.png,50,106
3864.png,242,121
2411.png,33,114
5543.png,98,125
4194.png,190,122
0642.png,193,137
2938.png,198,131
2442.png,202,142
5145.png,198,114
4653.png,58,126
2541.png,57,166
3805.png,34,117
3404.png,222,122
5035.png,226,138
3045.png,54,118
3245.png,181,97
3088.png,66,118
0457.png,54,82
5154.png,42,114
2557.png,214,133
3963.png,206,142
0550.png,82,114
0691.png,195,130
4199.png,178,150
2753.png,77,130
2450.png,222,133
3039.png,74,138
0942.png,30,110
0826.png,82,102
0044.png,74,130
0232.png,198,130
1005.png,67,134
4919.png,222,161
1024.png,194,129
1103.png,198,122
0346.png,194,114
2125.png,73,135
0987.png,226,122
5490.png,234,114
1351.png,89,206
0218.png,194,125
5440.png,86,150
4276.png,38,162
1821.png,182,106
0078.png,206,134
1963.png,58,142
3101.png,218,130
0376.png,62,122
5477.png,194,138
5207.png,201,162
1985.png,58,126
5066.png,246,110
4137.png,201,134
4775.png,18,126
1734.png,207,130
3349.png,218,138
3645.png,210,130
2179.png,222,122
2462.png,58,126
2215.png,194,118
3098.png,214,154
3920.png,218,134
1259.png,202,142
0593.png,89,134
4923.png,34,106
4370.png,210,102
0141.png,69,118
2655.png,198,134
2323.png,202,138
0766.png,190,130
3207.png,194,125
5292.png,214,134
3561.png,50,118
3640.png,61,138
0098.png,56,169
3953.png,22,93
0269.png,214,122
0313.png,194,114
2501.png,46,118
2068.png,182,134
0854.png,62,133
1454.png,66,138
2740.png,210,142
0702.png,57,118
3834.png,222,106
4794.png,222,130
4489.png,62,170
0670.png,214,138
5569.png,50,130
1153.png,66,106
4233.png,22,145
1701.png,190,113
0892.png,73,132
5286.png,158,146
1570.png,41,114
5349.png,54,114
5086.png,43,110
4761.png,42,142
2516.png,218,134
5421.png,50,122
3807.png,222,117
2510.png,54,130
1256.png,170,150
1459.png,113,118
5550.png,214,158
3332.png,190,134
1355.png,193,129
1696.png,73,145
1833.png,66,129
3975.png,38,122
0536.png,50,138
4228.png,38,118
1763.png,50,118
4316.png,46,142
0712.png,221,146
0946.png,90,130
4063.png,194,118
1048.png,206,101
1941.png,210,154
0558.png,50,106
0940.png,194,123
3663.png,253,153
1149.png,52,110
3308.png,206,134
1076.png,50,170
5395.png,46,138
2243.png,202,90
2573.png,106,126
2009.png,74,130
1640.png,158,118
3586.png,57,122
0037.png,174,130
0555.png,53,146
2612.png,74,150
1575.png,58,123
2467.png,67,126
0347.png,54,134
1695.png,186,130
1519.png,80,121
3129.png,218,154
1522.png,66,130
3676.png,13,126
1839.png,209,106
2364.png,66,130
0858.png,46,154
5355.png,210,150
1858.png,94,110
3883.png,6,129
0275.png,194,121
4779.png,190,126
3775.png,30,142
0599.png,58,134
0364.png,202,122
0252.png,37,122
2792.png,214,134
2247.png,178,90
4650.png,190,117
2841.png,174,109
1395.png,214,102
0420.png,208,97
0307.png,73,138
3216.png,206,128
3928.png,234,114
1269.png,170,122
2294.png,62,133
4395.png,78,122
0127.png,57,118
3388.png,110,114
2325.png,190,130
2132.png,166,94
3550.png,210,150
4822.png,206,106
0022.png,186,138
5464.png,34,138
0180.png,74,118
0094.png,58,126
0530.png,206,158
2640.png,182,122
1148.png,194,137
4241.png,218,154
1644.png,174,130
2928.png,194,122
0213.png,234,130
4702.png,228,114
4301.png,38,158
0166.png,194,130
5146.png,33,125
4964.png,225,149
0815.png,54,122
2350.png,54,126
4901.png,22,114
1183.png,177,150
3186.png,178,134
4915.png,217,158
1209.png,26,126
4985.png,51,126
4115.png,46,90
4391.png,38,114
5313.png,38,126
5588.png,218,110
3797.png,190,138
0169.png,86,134
5305.png,18,102
5164.png,186,126
2427.png,58,118
4463.png,18,126
1478.png,38,141
3453.png,58,158
2150.png,22,110
1836.png,194,110
0240.png,166,134
3142.png,58,150
0580.png,213,142
0566.png,173,122
0576.png,38,110
0161.png,76,138
5208.png,46,134
3175.png,218,133
4618.png,86,126
0050.png,54,130
4207.png,222,121
5189.png,49,154
4545.png,62,128
4604.png,22,113
1078.png,62,130
1193.png,213,118
1848.png,38,138
2425.png,181,105
0471.png,82,106
3732.png,22,118
0379.png,66,114
2340.png,62,130
3571.png,46,134
2148.png,50,126
5484.png,202,98
3720.png,62,118
5289.png,202,138
2653.png,217,137
4047.png,22,150
1229.png,34,146
5343.png,18,158
2895.png,225,123
3930.png,66,114
2279.png,82,114
0882.png,182,158
2531.png,186,110
2767.png,207,120
1792.png,42,114
0889.png,26,114
3248.png,186,122
2390.png,214,98
4973.png,56,122
4824.png,191,53
0226.png,78,114
1218.png,74,98
3956.png,217,114
2167.png,194,126
1246.png,210,102
4287.png,58,142
1942.png,206,138
4884.png,42,130
1213.png,86,134
0443.png,54,130
4500.png,18,114
2233.png,214,118
3861.png,214,132
0568.png,202,150
0150.png,210,130
3040.png,74,138
3872.png,230,126
4417.png,226,114
1107.png,198,130
0611.png,194,122
3419.png,74,110
3169.png,34,130
4005.png,194,122
3174.png,42,142
0755.png,54,126
0133.png,73,146
2722.png,62,122
4006.png,218,122
2972.png,192,133
4668.png,34,154
5034.png,58,122
4990.png,18,122
1363.png,58,109
1368.png,70,123
3078.png,62,118
4998.png,234,118
1887.png,162,86
5536.png,21,142
4221.png,64,130
0769.png,62,121
5060.png,22,118
0647.png,42,110
2330.png,54,122
1475.png,210,122
0873.png,214,130
3190.png,73,126
3031.png,57,122
1245.png,65,114
4243.png,34,138
3195.png,57,174
2526.png,62,130
2532.png,226,142
1864.png,34,133
3278.png,197,126
3223.png,70,130
1136.png,222,126
5341.png,41,175
2618.png,194,98
0781.png,54,141
3069.png,74,114
5420.png,53,102
0128.png,186,130
3970.png,46,98
5199.png,210,90
2261.png,70,94
1383.png,223,170
2224.png,189,102
3364.png,168,141
4455.png,58,90
5527.png,18,122
0726.png,58,114
1939.png,226,132
4677.png,214,142
0608.png,34,122
1008.png,38,118
2741.png,82,126
0763.png,50,142
0837.png,174,150
4814.png,58,142
5134.png,190,125
0521.png,182,122
4628.png,30,138
5272.png,178,106
3656.png,70,94
0617.png,214,142
2234.png,58,86
5246.png,11,139
1444.png,169,98
1724.png,206,125
4685.png,230,121
4725.png,208,157
1088.png,61,118
1984.png,218,98
0480.png,61,151
3435.png,184,130
2867.png,210,117
5214.png,206,150
4837.png,202,138
3680.png,26,103
0359.png,66,122
3394.png,46,94
4648.png,142,114
1161.png,201,114
1241.png,174,138
5534.png,62,106
3613.png,74,118
2826.png,62,102
0833.png,58,102
5204.png,34,114
4567.png,32,150
1867.png,193,139
0436.png,218,134
2093.png,189,134
2024.png,65,126
4039.png,234,138
3780.png,30,130
3171.png,54,134
0086.png,192,146
1859.png,58,130
3580.png,53,138
4972.png,133,125
3734.png,238,130
2931.png,197,121
3909.png,62,118
4763.png,221,94
4125.png,13,136
2732.png,194,110
0877.png,42,110
2777.png,65,126
0698.png,182,106
4762.png,34,102
4924.png,14,125
4253.png,230,126
2346.png,197,130
3620.png,201,105
2214.png,198,122
5247.png,210,114
1715.png,186,138
0395.png,50,98
4083.png,38,145
1002.png,226,114
0861.png,230,102
4898.png,22,118
5099.png,206,130
2071.png,90,154
0423.png,198,134
2360.png,50,146
5428.png,54,122
5270.png,22,142
1558.png,58,134
0531.png,186,126
5122.png,30,110
1826.png,46,130
1060.png,89,114
5442.png,30,142
3003.png,210,130
4052.png,54,129
1170.png,70,126
3898.png,42,138
4533.png,66,86
2656.png,222,110
3650.png,170,130
2396.png,230,118
0406.png,72,134
3654.png,90,111
4475.png,222,154
0553.png,38,122
3566.png,78,121
0366.png,170,118
3437.png,197,130
4237.png,54,118
5497.png,41,161
1177.png,34,101
5538.png,33,130
0202.png,78,126
2768.png,186,146
3743.png,202,138
4117.png,66,138
4267.png,110,126
5120.png,197,121
1998.png,70,146
3473.png,66,102
2185.png,62,110
4072.png,58,122
5384.png,218,118
0151.png,26,102
1508.png,50,126
1267.png,214,110
3163.png,69,122
4805.png,229,130
1125.png,46,122
1999.png,54,126
1857.png,177,126
2727.png,194,150
2911.png,86,110
2007.png,178,110
1370.png,218,86
5364.png,74,158
0845.png,194,130
0056.png,178,114
4541.png,190,130
3230.png,178,110
0174.png,241,121
2818.png,194,146
4591.png,210,126
0693.png,218,118
4213.png,225,142
0454.png,211,126
3697.png,194,114
2348.png,90,110
2253.png,189,129
1263.png,69,130
4777.png,48,146
3681.png,230,118
5216.png,178,133
0719.png,83,126
2870.png,57,130
2017.png,34,122
4106.png,2,130
0304.png,220,143
1548.png,202,149
4201.png,182,86
5231.png,158,158
5185.png,86,98
4687.png,34,126
3643.png,53,114
2062.png,199,126
4280.png,57,114
4482.png,198,121
3056.png,166,100
1736.png,190,130
1920.png,66,118
0088.png,42,94
3821.png,230,114
3254.png,194,122
4043.png,226,146
4057.png,58,126
4570.png,34,138
3701.png,1,153
4667.png,198,130
1876.png,195,130
4860.png,214,130
4864.png,218,138
5390.png,238,134
4802.png,234,130
0274.png,35,126
0689.png,43,162
3315.png,193,138
3895.png,222,102
2478.png,210,130
1780.png,178,138
3578.png,202,130
0229.png,90,158
2248.png,186,126
0285.png,190,110
4161.png,202,126
0896.png,206,124
5150.png,17,129
3849.png,97,146
4551.png,217,146
3458.png,170,138
5225.png,225,123
4216.png,214,122
4210.png,226,126
0101.png,58,126
5522.png,222,130
0352.png,98,130
5326.png,221,154
0968.png,86,138
3384.png,41,111
3750.png,198,126
3479.png,194,133
3900.png,30,110
5501.png,206,118
5545.png,222,146
1526.png,198,118
1978.png,62,101
4665.png,45,98
1176.png,198,117
2069.png,62,118
2924.png,98,130
4505.png,210,102
3334.png,173,154
0482.png,178,114
2894.png,73,105
2705.png,58,126
2636.png,70,126
1677.png,218,106
2965.png,66,126
3575.png,93,141
1172.png,178,118
3782.png,226,142
4078.png,235,143
1322.png,182,130
0813.png,174,170
4132.png,62,130
0208.png,198,98
0428.png,189,138
2205.png,190,110
5183.png,18,138
2953.png,214,142
3309.png,54,130
4999.png,230,110
3702.png,222,134
4632.png,231,113
4091.png,201,107
4765.png,50,138
2448.png,82,106
4861.png,30,138
1332.png,90,102
2584.png,186,122
4178.png,242,134
3001.png,58,126
4512.png,42,106
4886.png,30,114
3197.png,83,128
5253.png,50,114
2075.png,78,133
4694.png,186,154
1544.png,62,114
3873.png,229,117
4392.png,94,134
5192.png,34,94
4496.png,230,118
0235.png,234,122
1424.png,190,98
1317.png,178,142
0954.png,222,113
3007.png,94,114
0117.png,106,122
4349.png,225,148
0344.png,241,137
3998.png,58,141
3242.png,94,90
5389.png,70,130
1917.png,202,98
0096.png,178,106
4588.png,30,113
3833.png,38,109
1793.png,197,129
2871.png,110,116
0070.png,219,106
3514.png,49,114
2970.png,202,158
3005.png,50,122
0258.png,220,126
2579.png,54,102
5452.png,78,122
4711.png,50,134
0714.png,66,118
0497.png,50,122
5096.png,170,144
2318.png,186,134
3659.png,72,119
2554.png,74,102
2608.png,25,138
5436.png,234,166
2562.png,38,110
2840.png,33,126
0049.png,198,130
2061.png,198,133
0799.png,190,130
2018.png,233,185
4232.png,54,134
3632.png,166,110
3365.png,193,130
2723.png,66,118
4743.png,174,126
1023.png,206,118
2070.png,182,130
2178.png,58,126
4876.png,222,134
4105.png,54,114
1679.png,190,137
5260.png,58,122
3328.png,62,126
3499.png,58,134
1753.png,218,126
1163.png,186,129
1720.png,214,114
1456.png,210,126
3661.png,74,106
1666.png,190,114
2384.png,212,203
0089.png,61,129
4436.png,232,162
0060.png,222,126
5586.png,34,118
0874.png,78,110
3459.png,61,126
3838.png,234,114
2359.png,66,118
0775.png,241,114
5254.png,222,126
1316.png,86,126
5478.png,230,146
3017.png,190,126
4928.png,185,134
2369.png,198,110
5547.png,54,117
5223.png,234,157
5505.png,46,134
4035.png,202,142
1991.png,194,162
3153.png,63,130
4851.png,62,124
4196.png,66,126
1656.png,46,130
2685.png,78,134
4104.png,42,110
0921.png,86,126
1594.png,194,94
3696.png,170,122
5482.png,21,146
1940.png,198,94
5499.png,218,162
1965.png,195,126
3572.png,66,146
5177.png,74,146
1944.png,197,98
3243.png,62,138
4029.png,234,134
5492.png,210,126
4011.png,45,125
2912.png,226,138
3119.png,210,134
5172.png,150,138
1547.png,67,110
0382.png,186,134
4189.png,46,118
3085.png,190,126
0496.png,189,126
2647.png,205,118
2900.png,58,130
0392.png,166,114
4040.png,86,117
0729.png,52,142
4921.png,189,110
4587.png,174,136
4188.png,38,103
4273.png,54,102
5450.png,206,150
3714.png,198,162
5434.png,27,121
0442.png,194,142
3358.png,202,114
0135.png,210,146
3125.png,62,122
2834.png,58,118
3557.png,186,94
2508.png,182,122
1883.png,166,130
4846.png,50,142
5338.png,33,128
0393.png,206,138
3727.png,234,134
2581.png,198,122
3422.png,190,133
0119.png,70,122
3151.png,29,78
4130.png,162,134
4343.png,70,134
2160.png,198,134
2962.png,82,146
2610.png,58,118
0798.png,198,134
4266.png,218,126
0216.png,174,90
3451.png,190,118
3724.png,226,154
2332.png,233,110
1730.png,178,134
3204.png,73,130
1591.png,42,134
2225.png,209,126
2397.png,66,126
0621.png,202,138
3044.png,190,130
4905.png,70,134
2232.png,66,142
4312.png,101,146
1882.png,226,106
5053.png,233,118
4619.png,206,150
3978.png,234,138
4801.png,249,134
3444.png,94,110
5579.png,15,129
0402.png,218,142
3020.png,222,158
4527.png,58,118
2706.png,210,134
4121.png,218,158
0243.png,194,146
5073.png,58,142
2193.png,188,118
3014.png,202,134
4344.png,230,140
3587.png,226,122
4025.png,17,146
4623.png,190,122
0247.png,94,122
0408.png,86,98
5187.png,1,122
3596.png,201,137
0645.png,64,102
2168.png,178,126
4435.png,218,134
4607.png,42,126
4405.png,65,126
2149.png,50,142
2255.png,202,118
4735.png,214,138
3336.png,89,125
4504.png,186,142
3126.png,82,146
0467.png,40,145
2835.png,202,130
3111.png,38,106
4183.png,70,126
1340.png,64,122
5093.png,194,146
1234.png,214,138
0990.png,202,130
0417.png,38,110
0106.png,214,146
1873.png,66,114
0979.png,190,134
1981.png,41,86
3494.png,66,122
1398.png,202,118
2187.png,190,118
0584.png,58,126
5551.png,178,122
4182.png,230,122
1047.png,210,118
2206.png,122,154
4148.png,221,150
4944.png,178,134
1993.png,205,154
4262.png,232,118
2059.png,58,133
3881.png,194,146
4140.png,230,142
4270.png,165,153
1175.png,201,118
2614.png,65,143
5040.png,34,177
1227.png,173,83
0452.png,66,122
3225.png,202,138
1871.png,222,150
1523.png,210,126
2889.png,226,114
3532.png,38,102
0407.png,194,130
2110.png,194,134
4791.png,21,114
0687.png,157,86
3238.png,30,123
3318.png,214,110
2320.png,122,130
0490.png,214,146
2791.png,166,126
2081.png,50,150
0758.png,197,136
0255.png,196,110
1472.png,222,142
0426.png,47,110
4989.png,54,110
0385.png,38,174
5162.png,26,134
4328.png,82,123
0176.png,210,156
4793.png,202,85
1186.png,222,110
4371.png,82,114
3368.png,190,94
2252.png,45,130
3926.png,206,138
2121.png,78,110
0118.png,193,139
4071.png,42,153
2314.png,190,110
0386.png,78,122
2240.png,78,146
3108.png,226,126
2522.png,206,118
1205.png,42,110
3030.png,82,122
4342.png,26,138
1533.png,54,118
1007.png,226,130
3683.png,19,90
5237.png,186,94
3244.png,62,110
0473.png,209,101
2822.png,174,138
0767.png,198,129
5502.png,226,138
1728.png,226,149
3710.png,30,126
5139.png,222,126
5332.png,22,134
2766.png,52,118
0983.png,30,114
4192.png,62,147
1732.png,190,118
1961.png,210,138
2986.png,58,126
4727.png,66,149
0783.png,188,128
3217.png,198,130
1101.png,54,110
4163.png,58,114
0984.png,194,94
1006.png,42,134
5200.png,189,102
0565.png,222,121
0952.png,94,142
4580.png,222,118
1377.png,221,133
4281.png,94,145
4109.png,178,118
3503.png,194,122
4360.png,52,137
0023.png,62,110
0401.png,62,130
3250.png,214,130
4932.png,61,126
1520.png,194,125
5229.png,206,126
2305.png,215,137
3762.png,22,146
1474.png,199,138
0585.png,202,130
4481.png,38,134
0570.png,229,134
3976.png,21,110
0904.png,201,129
4112.png,79,173
1890.png,182,134
2985.png,74,126
4159.png,30,137
4265.png,190,142
4098.png,54,117
0290.png,66,118
1497.png,198,130
2487.png,234,141
0399.png,202,117
3744.png,243,152
0006.png,202,154
0051.png,126,178
0581.png,202,140
2869.png,198,122
0356.png,181,138
3627.png,190,102
1597.png,38,114
0686.png,66,126
3461.png,226,114
1106.png,62,118
2609.png,206,137
2082.png,222,113
1505.png,182,126
2196.png,218,122
3863.png,214,118
4419.png,194,138
2474.png,82,126
1027.png,174,134
3934.png,206,134
0724.png,182,126
0300.png,58,126
1271.png,54,122
3995.png,194,134
0152.png,50,130
0516.png,50,123
3717.png,14,123
0656.png,218,126
5416.png,246,134
3055.png,30,106
5131.png,30,126
1885.png,194,114
3141.png,156,133
4116.png,198,142
3802.png,166,90
0413.png,66,126
2119.png,62,126
1025.png,194,121
1443.png,90,150
4480.png,13,165
1521.png,182,126
1543.png,178,129
3562.png,230,142
4363.png,238,134
4284.png,18,122
2301.png,46,146
3383.png,62,142
3386.png,202,138
0124.png,193,146
2101.png,178,130
4610.png,186,138
4878.png,58,98
4892.png,58,122
2775.png,210,118
0326.png,170,121
2439.png,166,133
0956.png,54,114
3922.png,66,98
3939.png,33,130
2468.png,206,121
0734.png,222,118
4659.png,183,161
2117.png,46,98
3340.png,62,99
3692.png,50,126
2979.png,46,98
0988.png,210,109
2258.png,65,125
2929.png,53,125
4815.png,34,122
1840.png,214,102
2016.png,38,122
4509.png,214,142
1490.png,202,138
0139.png,206,102
4045.png,214,126
2180.png,46,128
0230.png,74,122
1188.png,210,118
5394.png,197,97
2651.png,102,106
2230.png,198,134
4246.png,45,125
1568.png,194,155
2376.png,106,118
2339.png,66,150
1602.png,34,126
2734.png,46,82
4526.png,18,130
2864.png,170,122
2733.png,69,117
5320.png,157,162
5488.png,42,138
4613.png,30,125
4372.png,234,126
0439.png,66,146
4579.png,46,154
0971.png,94,121
2356.png,66,110
3407.png,62,118
0345.png,205,111
5310.png,234,98
4717.png,218,118
0964.png,62,126
1453.png,229,150
2327.png,70,134
0629.png,26,126
4251.png,242,169
2537.png,194,118
4186.png,222,126
1844.png,46,82
1162.png,207,121
3964.png,3,150
2676.png,200,202
3319.png,213,121
1585.png,66,118
2282.png,78,130
3694.png,46,109
1212.png,70,110
2371.png,194,130
5084.png,62,117
4945.png,230,126
1691.png,210,138
2238.png,210,126
1880.png,49,138
0390.png,66,130
3091.png,66,124
5176.png,82,126
0332.png,198,101
4274.png,238,150
4108.png,82,122
4407.png,34,118
4286.png,178,134
3558.png,226,130
5334.png,218,126
0418.png,214,133
3736.png,194,122
0788.png,226,114
4773.png,202,122
2115.png,182,126
1427.png,82,146
0886.png,198,122
5578.png,210,126
2128.png,214,102
0786.png,58,114
1806.png,238,110
3202.png,70,110
2084.png,106,126
4712.png,66,118
1310.png,74,126
3261.png,210,146
1748.png,194,130
3725.png,69,140
0947.png,190,114
4056.png,230,130
1004.png,213,121
3183.png,54,126
2023.png,66,146
2599.png,169,90
1003.png,177,122
0751.png,34,126
0509.png,202,114
3112.png,198,162
3706.png,234,145
2569.png,22,122
1216.png,66,126
1749.png,54,114
0575.png,213,137
5573.png,30,145
4185.png,206,146
0523.png,178,154
5025.png,218,142
0460.png,174,122
5124.png,233,126
3986.png,53,134
0789.png,206,106
1499.png,209,122
3713.png,253,110
4242.png,214,134
2596.png,66,102
3512.png,78,146
2021.png,90,142
0673.png,62,114
1891.png,46,129
2245.png,210,158
2428.png,210,166
2267.png,186,130
3973.png,50,124
0666.png,58,118
0537.png,72,122
2164.png,190,130
3468.png,62,126
3424.png,82,142
2507.png,198,162
4938.png,66,126
0699.png,200,130
2781.png,205,110
1517.png,74,138
0248.png,71,90
1614.png,86,130
0923.png,42,114
3882.png,46,98
0494.png,66,134
1564.png,178,114
0870.png,201,158
3960.png,234,102
0887.png,84,110
4124.png,190,126
0657.png,85,127
2859.png,62,122
2151.png,46,117
2567.png,202,114
3478.png,201,133
4325.png,22,154
4495.png,237,133
4046.png,29,126
0955.png,58,142
5087.png,46,142
5196.png,54,118
4275.png,234,162
3583.png,193,146
0003.png,30,125
3080.png,58,110
2331.png,54,150
1015.png,186,136
2992.png,202,122
2315.png,74,158
3235.png,201,122
1913.png,194,138
1254.png,206,122
3980.png,186,102
0238.png,210,130
0120.png,46,130
4255.png,206,128
2892.png,34,122
4606.png,232,134
2559.png,204,125
2568.png,41,114
2488.png,222,149
4466.png,225,134
3131.png,12,122
4096.png,230,142
4642.png,46,122
2649.png,62,126
0483.png,34,146
1592.png,70,130
2422.png,72,125
2857.png,182,98
5211.png,229,161
2625.png,42,125
1650.png,182,138
0280.png,198,114
2565.png,214,138
3952.png,62,114
4603.png,238,138
4144.png,214,118
4838.png,30,138
2634.png,241,146
0217.png,58,122
0591.png,230,102
0855.png,198,114
1167.png,62,118
1925.png,222,109
2242.png,201,138
3972.png,222,122
0080.png,74,114
2443.png,185,130
0999.png,214,138
2838.png,88,138
0411.png,186,150
2211.png,63,105
4956.png,222,106
0111.png,206,138
3286.png,49,134
4672.png,33,127
4883.png,26,126
1337.png,185,182
0129.png,196,126
2967.png,190,108
0652.png,90,130
4400.png,57,118
5238.png,226,146
3525.png,57,130
0188.png,70,130
1860.png,94,126
3177.png,66,94
3595.png,186,122
0309.png,166,106
3269.png,62,110
5401.png,42,130
4485.png,38,138
2304.png,198,126
3789.png,210,156
0115.png,194,114
0074.png,85,165
3991.png,234,110
3251.png,70,126
4503.png,93,141
2904.png,45,142
2544.png,70,126
0890.png,78,114
0703.png,41,109
4981.png,230,134
3896.png,54,114
2828.png,226,106
3968.png,249,122
4272.png,70,122
2553.png,58,97
2566.png,170,122
1995.png,146,122
0600.png,250,118
2399.png,74,122
0835.png,217,146
0618.png,49,110
1814.png,81,130
4994.png,18,102
1061.png,210,106
4914.png,111,137
3536.png,27,121
5489.png,22,122
4484.png,222,118
0305.png,82,134
4529.png,222,130
3875.png,62,98
2106.png,70,114
4730.png,73,126
3490.png,77,130
0515.png,194,110
5005.png,138,106
2947.png,66,117
1297.png,33,114
1062.png,106,122
3618.png,226,137
3593.png,190,133
4841.png,19,125
3917.png,78,146
2136.png,46,104
5521.png,22,158
1407.png,198,134
4951.png,237,130
3997.png,239,134
3839.png,202,102
1236.png,182,122
2126.png,70,130
4872.png,230,138
4854.png,190,126
0930.png,58,126
2980.png,178,137
2033.png,182,86
1481.png,204,110
5071.png,202,154
3354.png,102,142
2747.png,158,114
2454.png,70,161
0185.png,66,124
1649.png,98,110
0396.png,73,118
4321.png,214,154
1668.png,218,142
2290.png,185,114
2942.png,198,114
1929.png,206,114
2039.png,89,130
3739.png,166,126
3908.png,218,149
5372.png,33,113
2130.png,180,129
1137.png,70,116
4624.png,54,150
4547.png,214,130
2400.png,185,110
4660.png,43,122
2074.png,66,106
2177.png,174,126
3690.png,78,126
3262.png,62,106
5091.png,176,106
3827.png,46,114
1280.png,214,142
0246.png,42,134
1835.png,58,114
1514.png,30,122
4756.png,178,134
5350.png,90,106
1689.png,54,133
4378.png,78,122
4549.png,218,114
2142.png,182,154
3938.png,210,106
3547.png,238,102
4379.png,34,146
2053.png,66,110
3492.png,192,130
3735.png,76,98
0638.png,190,126
3415.png,26,170
0348.png,198,126
1057.png,190,114
3634.png,193,126
4305.png,218,145
3671.png,34,134
0849.png,65,106
0465.png,214,110
2694.png,66,138
3118.png,90,110
5557.png,70,154
3342.png,206,158
1068.png,194,118
5508.png,182,126
2832.png,70,142
1304.png,66,146
1442.png,50,142
1574.png,202,133
2386.png,206,138
4151.png,230,145
2874.png,20,142
0906.png,234,126
5268.png,22,174
3493.png,198,129
5462.png,206,158
0160.png,189,122
4223.png,38,134
2241.png,166,118
0427.png,222,126
1977.png,249,129
4616.png,185,114
4179.png,226,170
0540.png,201,126
3715.png,62,146
1179.png,54,144
3772.png,218,118
0330.png,194,138
0922.png,198,118
1242.png,62,126
4488.png,38,102
3395.png,198,134
2344.png,214,116
3668.png,57,114
0520.png,202,130
0069.png,53,122
3471.png,186,118
1694.png,96,154
4904.png,21,93
4803.png,22,118
1257.png,218,122
1595.png,53,141
4090.png,230,110
0073.png,78,126
1572.png,58,126
3682.png,174,126
4433.png,38,114
3145.png,200,105
3982.png,42,158
5363.png,234,102
1540.png,190,134
1155.png,218,134
3614.png,82,130
4345.png,213,137
2711.png,62,114
1054.png,218,98
3729.png,38,114
0434.png,214,130
3333.png,41,102
5495.png,218,118
4827.png,26,110
4074.png,214,122
0469.png,194,122
3798.png,34,118
3603.png,74,158
1847.png,202,102
0675.png,58,154
0792.png,53,143
2682.png,209,145
3594.png,66,150
3823.png,58,110
1810.png,189,110
4639.png,210,134
1165.png,78,138
5224.png,66,126
2184.png,214,109
0019.png,58,150
1080.png,62,130
0191.png,198,146
3136.png,166,102
5258.png,198,150
1150.png,206,134
2435.png,190,118
1290.png,206,149
2525.png,185,130
1503.png,62,126
2934.png,229,134
3983.png,234,118
0541.png,205,102
1185.png,210,122
0504.png,224,138
1308.png,66,125
2199.png,46,118
0282.png,186,126
0841.png,46,138
0627.png,202,134
1301.png,218,122
1206.png,38,130
1226.png,222,130
1766.png,66,158
1494.png,237,141
5287.png,22,102
2509.png,65,146
5191.png,70,94
5574.png,69,121
2994.png,190,126
2665.png,198,110
2204.png,202,110
5427.png,30,102
1348.png,94,126
2542.png,34,102
4963.png,214,150
1484.png,214,90
0607.png,202,126
4427.png,65,130
0560.png,222,106
4599.png,219,118
4510.png,238,142
1698.png,193,130
4812.png,32,95
3540.png,82,114
3249.png,190,121
2299.png,178,130
2661.png,194,138
5449.png,30,114
5151.png,213,135
0066.png,106,126
1652.png,206,133
2054.png,62,106
0801.png,66,126
4539.png,70,114
5023.png,194,158
4304.png,74,118
3420.png,214,118
4190.png,221,110
5149.png,22,154
4432.png,218,122
2588.png,34,122
1052.png,182,118
2952.png,77,133
0586.png,182,134
0007.png,222,134
4536.png,90,86
0859.png,196,126
0389.png,209,122
0602.png,12,121
2787.png,78,110
0493.png,82,150
5309.png,2,102
4277.png,214,130
4948.png,86,134
2308.png,94,110
0301.png,230,130
3889.png,30,90
1100.png,86,133
4755.png,218,130
0663.png,58,122
0362.png,202,130
1889.png,70,102
5530.png,30,166
2539.png,54,138
2646.png,186,98
0622.png,66,138
4389.png,230,126
5020.png,230,114
0721.png,100,142
3206.png,209,111
1221.png,189,102
0508.png,85,132
2504.png,62,122
3489.png,227,130
3012.png,210,130
0897.png,62,110
4291.png,210,162
5228.png,82,130
0041.png,46,134
1536.png,150,94
1089.png,226,122
2219.png,46,133
1180.png,237,119
4889.png,18,114
1905.png,74,126
4721.png,194,126
0932.png,186,122
1549.png,58,150
4844.png,90,114
4764.png,210,122
2002.png,190,110
3825.png,218,158
1117.png,194,114
5063.png,33,130
5016.png,234,154
4813.png,46,146
2090.png,54,142
0140.png,78,121
2919.png,46,134
0995.png,210,118
4697.png,234,118
0919.png,190,122
0079.png,30,113
0446.png,202,118
1045.png,182,138
2652.png,198,120
5398.png,62,134
4715.png,222,138
0543.png,226,122
0641.png,61,137
3549.png,62,118
2922.png,202,115
4330.png,238,142
4506.png,182,110
2910.png,58,106
1669.png,221,90
4172.png,8,113
2283.png,158,146
4666.png,18,142
2598.png,58,137
4877.png,38,130
0146.png,78,106
3061.png,90,130
3522.png,62,114
0795.png,54,102
3521.png,214,130
0735.png,78,138
1841.png,68,165
1447.png,215,116
5563.png,214,110
0903.png,29,138
2594.png,46,102
4560.png,234,138
4962.png,54,86
1083.png,66,126
2519.png,182,134
1971.png,174,82
4939.png,214,138
5479.png,38,142
3167.png,218,127
5430.png,53,126
2725.png,218,145
4957.png,238,120
4424.png,226,170
3418.png,34,142
5556.png,57,98
3718.png,166,128
3673.png,38,114
4026.png,78,146
0110.png,218,121
3466.png,178,138
4555.png,210,158
0503.png,62,142
4296.png,202,110
2535.png,78,130
2930.png,70,130
3403.png,42,138
4478.png,68,158
2444.png,58,109
2621.png,186,148
2157.png,222,130
2499.png,42,90
4461.png,42,130
0640.png,64,128
3815.png,42,134
0830.png,202,134
2486.png,42,150
4375.png,22,106
2529.png,210,130
0612.png,202,114
4298.png,206,94
4669.png,146,98
3390.png,62,114
4306.png,202,96
0430.png,230,134
1566.png,70,126
4592.png,22,130
4153.png,62,117
0856.png,88,113
0018.png,78,118
2419.png,182,125
1744.png,60,127
0448.png,182,130
3528.png,218,146
3239.png,66,110
4571.png,34,126
4180.png,58,106
4092.png,38,130
0794.png,190,142
0533.png,78,122
2210.png,214,114
5241.png,198,114
1742.png,66,118
4088.png,22,117
3034.png,66,122
1588.png,214,130
3134.png,85,159
4000.png,29,133
1064.png,98,110
2704.png,218,134
1782.png,46,114
3002.png,54,146
1914.png,162,118
1586.png,150,130
3268.png,194,134
1759.png,46,114
5346.png,50,109
4327.png,218,122
0737.png,218,122
4374.png,58,110
2793.png,210,130
5553.png,73,133
3606.png,190,130
4663.png,202,110
5061.png,238,121
0900.png,178,130
3944.png,66,130
4409.png,50,142
0391.png,186,130
4828.png,216,138
3808.png,26,130
5266.png,34,114
1373.png,57,138
5337.png,214,93
2999.png,206,134
0619.png,66,126
1636.png,179,102
2103.png,158,102
1743.png,210,134
2102.png,190,130
4958.png,38,154
2762.png,186,121
0329.png,230,118
3721.png,158,114
4133.png,86,128
4335.png,58,170
3672.png,58,146
0967.png,222,130
4698.png,221,166
2708.png,74,104
0220.png,42,106
4362.png,27,126
5210.png,218,150
0651.png,206,109
3860.png,188,94
2057.png,38,122
3760.png,42,122
5171.png,22,114
2854.png,82,142
5466.png,226,102
2449.png,218,138
4868.png,190,166
0369.png,185,129
2730.png,190,118
4701.png,30,170
1418.png,217,141
5097.png,190,154
2166.png,182,134
0806.png,98,106
1365.png,178,106
2860.png,66,142
1374.png,196,118
2667.png,182,126
0249.png,70,102
2809.png,90,110
0747.png,206,134
5013.png,171,132
2613.png,218,154
0824.png,230,138
2830.png,190,122
0485.png,202,110
2120.png,36,144
5255.png,233,185
1675.png,192,128
0321.png,209,133
1483.png,74,121
2576.png,197,98
4770.png,26,138
2341.png,229,138
4003.png,218,148
3585.png,38,122
1228.png,54,130
3579.png,74,142
3565.png,206,145
3637.png,78,114
3763.png,50,125
3600.png,49,86
0793.png,187,105
0267.png,54,117
2624.png,194,117
5535.png,202,142
4865.png,234,122
1432.png,190,122
1786.png,194,122
1313.png,198,126
0966.png,210,134
3767.png,194,106
0474.png,206,114
4145.png,74,102
3974.png,78,157
0733.png,66,114
4501.png,54,108
0196.png,82,122
4806.png,222,146
0373.png,38,166
2407.png,62,140
1409.png,214,138
4044.png,233,109
0322.png,74,122
1141.png,66,114
4569.png,238,82
0299.png,174,122
5027.png,218,149
3955.png,65,118
5297.png,84,126
4065.png,214,154
1541.png,174,138
3218.png,181,126
1400.png,210,146
2452.png,169,138
4719.png,22,130
1327.png,206,90
4361.png,222,86
0660.png,190,118
4523.png,194,133
1220.png,242,107
1411.png,78,114
4307.png,33,153
3193.png,92,150
5058.png,234,126
1577.png,74,109
3316.png,74,98
1811.png,54,121
3113.png,74,126
0297.png,62,117
2590.png,202,122
5218.png,90,114
1687.png,190,130
2020.png,58,138
3662.png,206,130
3155.png,218,114
0936.png,222,122
3011.png,194,142
3215.png,206,102
2926.png,74,126
1622.png,190,122
3182.png,182,146
2389.png,54,121
0355.png,210,105
1801.png,206,126
2259.png,52,106
0545.png,34,130
2285.png,74,130
4303.png,232,133
4979.png,123,91
3609.png,185,122
2404.png,81,162
2342.png,54,122
2628.png,210,122
4942.png,62,137
4200.png,241,134
1039.png,174,126
1900.png,58,126
3071.png,30,150
1535.png,65,114
2032.png,190,138
0340.png,177,129
0525.png,102,134
1633.png,214,134
1967.png,57,130
3312.png,62,106
1181.png,54,138
3977.png,42,106
4670.png,197,154
0744.png,62,130
5567.png,211,122
1611.png,209,141
2540.png,174,138
5325.png,221,145
2803.png,213,137
4060.png,234,118
0644.png,85,130
4036.png,194,122
5079.png,61,129
1621.png,228,114
2810.png,66,114
1042.png,200,130
3326.png,214,146
1223.png,66,130
4206.png,22,118
0035.png,63,119
2335.png,178,134
3646.png,74,149
1603.png,58,110
3287.png,230,138
0772.png,137,121
5431.png,46,102
3270.png,230,102
1980.png,218,101
0314.png,55,174
0700.png,214,103
5028.png,62,154
1217.png,178,102
1367.png,226,122
4317.png,222,102
5361.png,190,130
3648.png,66,126
5296.png,53,152
3941.png,206,134
0215.png,65,130
2939.png,38,134
5226.png,57,110
0862.png,182,118
3477.png,226,138
3937.png,210,90
4095.png,66,138
4318.png,54,113
1470.png,218,90
4150.png,54,158
0097.png,166,126
2978.png,45,117
0341.png,70,141
5239.png,58,134
2724.png,194,130
4204.png,38,146
3582.png,82,102
2345.png,38,122
5380.png,194,118
2231.png,70,118
4413.png,66,114
0339.png,73,126
3399.png,82,106
0154.png,134,138
3130.png,78,114
1384.png,194,122
1329.png,46,170
1375.png,194,142
2322.png,185,122
3255.png,162,138
3138.png,193,122
5249.png,241,129
1108.png,98,114
0053.png,76,113
1741.png,54,130
1868.png,186,129
1243.png,64,146
5261.png,234,114
3295.png,189,133
3604.png,46,134
4449.png,230,134
0759.png,50,102
2182.png,178,86
0770.png,202,94
1473.png,222,150
5128.png,213,126
1388.png,82,118
1538.png,110,114
0091.png,68,165
1643.png,74,102
2759.png,207,134
0107.png,77,114
0421.png,186,102
1630.png,78,110
0650.png,51,126
3747.png,50,166
5548.png,42,114
2707.png,82,86
0816.png,195,139
3231.png,170,123
4170.png,14,134
1725.png,235,122
5503.png,222,121
0596.png,58,142
0692.png,183,145
3617.png,34,110
2368.png,62,117
1250.png,186,130
2383.png,26,106
4191.png,22,138
0437.png,59,133
0945.png,198,122
3638.png,166,110
3749.png,206,162
4175.png,30,134
0198.png,198,126
5045.png,18,94
3082.png,110,110
4452.png,182,118
1524.png,185,138
1862.png,46,138
1009.png,194,146
0043.png,37,86
3341.png,174,122
2545.png,74,118
2863.png,86,146
1878.png,194,122
0848.png,206,133
4818.png,42,131
1190.png,198,138
1466.png,214,110
4394.png,230,138
3412.png,206,142
1357.png,186,114
1440.png,193,145
3537.png,202,123
4382.png,38,142
5568.png,206,134
2819.png,74,119
1464.png,206,110
2829.png,98,138
4911.png,18,145
0925.png,190,126
1674.png,59,123
1927.png,210,126
3588.png,196,97
0613.png,170,142
0068.png,58,189
2412.png,54,110
4969.png,221,109
3411.png,54,106
2385.png,198,130
1037.png,89,125
0100.png,190,122
3708.png,31,105
0372.png,58,126
4007.png,198,130
2152.png,206,118
1986.png,57,114
3396.png,62,142
0808.png,94,110
2524.png,174,130
0164.png,62,142
1608.png,218,134
0142.png,58,138
3845.png,62,146
2015.png,214,134
0263.png,182,134
1463.png,86,122
3574.png,66,106
0172.png,184,125
4486.png,62,138
0492.png,49,118
1902.png,214,110
0441.png,218,118
3644.png,66,126
1391.png,42,106
2172.png,41,102
5407.png,234,110
3855.png,225,161
0197.png,222,130
0885.png,229,138
5276.png,226,134
4796.png,38,134
0704.png,189,129
3025.png,190,130
1090.png,194,106
1286.png,77,137
0538.png,50,110
3133.png,81,134
2153.png,65,121
0623.png,86,102
5529.png,222,146
3866.png,26,98
1799.png,222,114
4336.png,193,96
2139.png,125,117
0440.png,194,106
3123.png,70,98
1282.png,54,126
3265.png,198,138
1869.png,194,134
5095.png,53,94
3785.png,234,154
4752.png,230,122
4386.png,74,129
0388.png,66,114
4596.png,45,126
5062.png,29,153
2698.png,198,130
2593.png,198,134
3685.png,94,146
2005.png,209,130
0414.png,194,125
1265.png,30,134
0685.png,226,122
0739.png,182,136
1578.png,206,150
3577.png,197,128
1330.png,198,130
4693.png,226,133
3538.png,190,134
3209.png,190,122
4732.png,54,100
1139.png,62,126
2138.png,42,126
2936.png,218,102
0279.png,58,132
2109.png,66,126
3092.png,210,110
0630.png,174,130
2503.png,194,138
4229.png,34,130
1260.png,62,126
1460.png,213,122
0099.png,134,166
1800.png,202,114
4099.png,214,122
3947.png,234,126
2437.png,58,142
1661.png,50,134
5323.png,222,126
3894.png,238,149
2181.png,226,138
4718.png,41,146
0883.png,210,122
0104.png,230,110
3000.png,170,146
0489.png,218,150
2099.png,154,106
3936.png,66,114
1663.png,57,124
1838.png,198,130
1501.png,77,134
2534.png,130,130
1014.png,201,107
0186.png,77,126
0132.png,62,114
1676.png,66,134
2779.png,74,126
3817.png,17,109
1084.png,194,131
0564.png,214,138
5052.png,34,118
3252.png,238,122
1299.png,206,134
0973.png,50,138
3678.png,70,110
2794.png,78,98
4974.png,62,114
4260.png,54,157
0283.png,50,110
3884.png,187,119
2227.png,47,145
3443.png,74,142
3814.png,234,174
2849.png,65,130
1399.png,198,126
3306.png,26,138
5333.png,221,142
2085.png,202,89
0276.png,74,118
3233.png,218,134
3274.png,185,138
4030.png,70,138
3210.png,202,113
2514.png,193,133
1774.png,214,114
4102.png,74,158
1352.png,30,142
3707.png,202,118
1455.png,190,128
1382.png,194,130
0738.png,211,109
1680.png,178,138
1031.png,55,146
4913.png,206,138
3294.png,70,122
1892.png,82,126
2755.png,66,146
5377.png,186,110
4737.png,193,130
3378.png,182,134
1672.png,90,122
2278.png,50,126
3392.png,58,126
4135.png,238,102
3843.png,210,166
0011.png,69,126
3303.png,214,114
1685.png,70,110
3401.png,82,110
2853.png,198,130
3290.png,202,84
5160.png,186,122
2974.png,62,99
2025.png,61,128
2338.png,186,142
1433.png,194,150
5447.png,14,126
3348.png,67,125
5103.png,226,134
1947.png,190,90
4174.png,62,142
5245.png,42,118
3229.png,60,103
2058.png,42,110
1515.png,50,134
1119.png,71,87
4836.png,66,126
4358.png,18,151
5240.png,33,98
2511.png,54,106
0113.png,225,157
0358.png,188,144
3869.png,62,118
4664.png,62,117
1208.png,62,118
1737.png,62,121
2183.png,62,114
3432.png,222,86
1757.png,50,102
0381.png,90,134
0563.png,73,100
0571.png,226,110
4254.png,34,134
0021.png,200,135
1560.png,170,114
4955.png,198,130
2846.png,70,125
1722.png,189,129
3226.png,198,114
4459.png,238,122
1296.png,54,138
5170.png,50,154
4826.png,42,142
2993.png,74,130
4817.png,223,122
3176.png,70,97
1010.png,58,134
2111.png,49,118
2977.png,234,146
3366.png,78,110
2370.png,58,145
3857.png,34,114
1458.png,82,110
0433.png,182,115
5179.png,136,146
1706.png,210,138
3675.png,226,134
1627.png,90,110
0637.png,51,137
4899.png,203,130
4776.png,58,138
3948.png,74,106
0298.png,54,121
1970.png,170,114
4714.png,54,126
2353.png,30,114
2633.png,194,138
3962.png,62,138
2398.png,202,117
1174.png,54,138
3033.png,60,110
5050.png,46,150
3200.png,202,126
2108.png,58,142
1151.png,177,134
1082.png,86,146
5012.png,210,166
0777.png,194,134
3907.png,162,135
3737.png,242,113
5393.png,38,130
1498.png,110,134
3212.png,70,121
5439.png,26,118
4494.png,70,122
2262.png,194,118
1651.png,190,106
5493.png,230,138
3247.png,62,122
2118.png,66,115
3168.png,198,138
4754.png,222,138
3027.png,198,126
4261.png,206,146
1647.png,214,146
5222.png,37,150
3359.png,182,130
2169.png,62,122
2801.png,190,114
2998.png,214,130
1600.png,198,106
0242.png,66,102
0422.png,226,137
3416.png,218,110
0749.png,194,122
1092.png,182,112
1962.png,194,122
5112.png,34,102
2533.png,66,126
5472.png,230,162
1240.png,213,128
1953.png,77,114
1765.png,54,134
2811.png,178,126
3524.png,190,126
3961.png,182,126
1131.png,62,125
2496.png,89,134
3337.png,213,109
2641.png,54,142
4678.png,205,108
1593.png,58,118
1249.png,98,138
5092.png,58,114
5587.png,211,162
4740.png,188,141
4713.png,25,146
4429.png,214,126
2124.png,58,134
5041.png,201,146
0342.png,62,138
4965.png,233,121
3060.png,81,123
1358.png,206,150
2902.png,190,113
0851.png,177,114
1802.png,234,110
0620.png,218,122
2269.png,37,114
2913.png,218,98
1488.png,181,130
5433.png,22,138
5102.png,234,134
5294.png,226,126
4581.png,54,134
4126.png,38,126
2321.png,186,126
2778.png,62,119
4771.png,210,162
5388.png,62,156
1324.png,38,118
4626.png,238,146
0646.png,193,106
2551.png,190,121
2328.png,170,126
0137.png,58,126
1251.png,50,114
0722.png,42,142
1933.png,77,118
1781.png,174,142
4094.png,233,146
3019.png,42,146
2266.png,194,150
1960.png,90,125
0194.png,194,130
2114.png,198,108
4416.png,34,156
3847.png,58,158
3023.png,66,138
1952.png,87,137
5054.png,50,154
1133.png,182,126
4010.png,78,105
0972.png,84,127
4014.png,222,106
5201.png,34,150
4309.png,251,150
0969.png,198,133
4749.png,190,108
1943.png,73,118
5233.png,58,118
4853.png,66,122
2680.png,218,150
1312.png,182,98
1903.png,76,105
5021.png,214,129
2823.png,190,130
4064.png,113,130
2377.png,218,118
1778.png,214,138
2862.png,62,102
1201.png,214,114
1745.png,173,145
3552.png,178,125
4833.png,234,94
2089.png,214,154
2244.png,38,114
1923.png,70,134
0214.png,222,133
3469.png,190,118
1562.png,30,149
2221.png,204,117
4821.png,62,133
3563.png,74,133
3516.png,66,126
3260.png,226,114
0487.png,186,134
4870.png,184,127
1342.png,190,130
2833.png,166,129
5385.png,249,166
0678.png,234,114
1074.png,154,137
3748.png,34,110
2975.png,74,126
2047.png,198,122
3051.png,186,102
3946.png,210,102
3518.png,86,110
2825.png,46,129
0802.png,182,114
1681.png,90,113
1145.png,154,118
4473.png,65,129
2751.png,75,126
0302.png,78,146
1713.png,211,162
2728.png,38,113
1926.png,246,103
0064.png,186,130
1291.png,222,150
2990.png,186,98
3669.png,206,143
4631.png,174,102
1688.png,194,130
2453.png,54,158
1066.png,205,122
2914.png,234,130
1394.png,74,122
0209.png,201,122
5129.png,234,146
1545.png,90,138
2372.png,62,130
5424.png,222,126
1140.png,218,106
1886.png,70,138
2310.png,66,138
1230.png,186,122
0590.png,186,138
0917.png,182,122
4067.png,222,134
2963.png,126,118
2490.png,210,142
1011.png,62,114
3298.png,198,122
3191.png,218,133
5301.png,218,122
2991.png,234,130
2268.png,78,146
2155.png,62,134
4804.png,18,134
0639.png,222,130
5386.png,198,142
1429.png,38,130
2337.png,45,98
2736.png,221,142
3791.png,234,154
0787.png,198,122
3090.png,61,126
2034.png,174,126
3712.png,42,134
0231.png,86,114
1881.png,198,94
3554.png,38,129
1834.png,54,106
1797.png,50,134
0992.png,198,106
2414.png,54,141
3448.png,70,65
3911.png,38,150
5357.png,58,138
2336.png,214,130
4252.png,196,97
5512.png,237,118
2937.png,82,126
2855.png,30,146
3059.png,201,114
3257.png,109,121
1371.png,42,146
3291.png,58,118
4542.png,226,150
2969.png,210,98
2877.png,217,126
5159.png,58,158
1030.png,82,117
2296.png,54,130
0865.png,218,142
0387.png,58,146
1143.png,74,118
1964.png,77,128
0271.png,47,110
0455.png,226,150
0752.png,17,120
0273.png,218,134
4565.png,19,129
3544.png,69,126
0817.png,198,138
3599.png,58,106
2960.png,234,126
1309.png,84,125
3272.png,198,118
4421.png,181,141
1344.png,194,130
5126.png,210,154
5321.png,26,166
4699.png,18,122
1314.png,62,145
1044.png,38,138
2880.png,34,154
2757.png,198,126
3933.png,46,150
1827.png,50,122
0353.png,35,110
4976.png,190,130
3795.png,214,142
2505.png,177,122
0210.png,58,122
3029.png,154,122
0464.png,46,102
0149.png,198,126
5127.png,245,161
1787.png,54,138
1686.png,49,114
0015.png,66,122
0507.png,190,126
2500.png,86,117
0254.png,218,150
4377.png,50,102
4443.png,238,118
1804.png,66,158
0676.png,78,122
2175.png,30,118
0415.png,206,134
3757.png,22,118
3754.png,58,130
2632.png,70,146
3263.png,194,122
2758.png,182,82
3704.png,181,166
3949.png,34,126
4673.png,202,142
1095.png,194,114
5365.png,34,130
3890.png,182,134
2959.png,72,122
1634.png,218,106
2270.png,82,134
3841.png,225,116
0908.png,218,118
2601.png,46,106
2983.png,61,144
2174.png,70,130
1910.png,146,114
1616.png,213,130
1846.png,50,106
4173.png,45,131
4139.png,58,146
3127.png,198,118
0863.png,198,146
2586.png,58,114
4412.png,238,141
2067.png,70,122
5194.png,46,126
1779.png,198,151
0187.png,54,118
5279.png,214,110
4708.png,8,141
3530.png,206,122
4641.png,66,102
0199.png,206,110
1618.png,174,102
0310.png,72,130
4608.png,10,118
4013.png,206,142
3800.png,214,142
1551.png,194,126
4997.png,212,146
2808.png,98,138
3015.png,66,106
0760.png,190,122
4709.png,182,134
4324.png,22,149
0907.png,30,122
2095.png,210,126
3374.png,46,117
1825.png,50,126
5277.png,38,149
4967.png,210,130
5264.png,38,110
1389.png,190,122
3284.png,138,218
0636.png,74,118
4736.png,22,146
4073.png,34,122
3442.png,194,122
2587.png,202,142
0672.png,225,129
4532.png,214,142
2804.png,30,98
0295.png,218,122
3115.png,78,154
0316.png,194,138
3421.png,202,98
3323.png,78,114
3927.png,54,138
4867.png,25,122
0937.png,202,110
3185.png,45,114
1976.png,202,126
1252.png,58,126
2365.png,229,133
1909.png,50,141
3430.png,81,109
1110.png,58,106
4390.png,194,154
3705.png,70,122
5448.png,243,142
4146.png,30,121
1419.png,198,114
4910.png,206,142
2774.png,210,121
2195.png,226,114
4927.png,230,138
0431.png,234,138
3013.png,74,114
2691.png,122,118
5038.png,62,142
2602.png,194,122
5494.png,138,111
3301.png,82,114
2783.png,166,110
4895.png,34,130
3698.png,222,118
2684.png,206,126
2600.png,178,150
3622.png,62,138
5552.png,18,126
4646.png,206,134
0994.png,196,139
5022.png,106,108
2254.png,194,142
5267.png,210,118
4988.png,54,170
3438.png,86,98
2440.png,193,102
5584.png,230,170
3979.png,86,114
5119.png,38,162
0087.png,170,126
1975.png,54,113
2956.png,74,126
0397.png,185,118
0776.png,10,113
3801.png,175,130
1437.png,194,130
4557.png,49,102
3935.png,65,115
4193.png,238,122
1512.png,70,118
3822.png,174,137
0895.png,34,122
3067.png,50,110
1959.png,62,146
1169.png,50,98
3325.png,190,126
0588.png,37,162
5402.png,218,114
4507.png,38,138
0933.png,38,129
4621.png,14,118
1118.png,78,126
4834.png,225,134
4537.png,46,129
5486.png,38,138
1916.png,82,94
3314.png,210,110
1406.png,193,138
1951.png,90,130
4208.png,230,126
3508.png,194,106
4388.png,221,172
4640.png,38,114
2547.png,58,122
1123.png,210,90
0916.png,58,134
5213.png,86,154
4314.png,19,126
4211.png,242,174
2008.png,214,146
4807.png,214,134
5322.png,46,126
4605.png,162,170
3816.png,174,134
5088.png,222,94
3224.png,102,106
5314.png,234,150
1637.png,46,106
3700.png,50,134
5284.png,50,114
1510.png,70,130
3850.png,81,118
1709.png,55,126
0036.png,69,119
0868.png,38,114
1863.png,58,122
2423.png,202,154
0761.png,55,122
3844.png,33,115
4113.png,225,120
1298.png,50,122
1654.png,178,126
4980.png,233,117
3687.png,30,102
3106.png,214,122
5307.png,45,126
2413.png,194,110
0195.png,82,122
5085.png,22,113
2721.png,174,126
2375.png,190,134
2303.png,214,114
1094.png,218,122
0335.png,86,126
1972.png,213,110
4103.png,198,133
2274.png,58,122
1035.png,50,126
0334.png,61,122
4742.png,36,154
3840.png,202,133
2208.png,184,142
1828.png,68,129
2392.png,58,146
3158.png,58,122
5017.png,37,153
0505.png,90,118
0682.png,70,117
5560.png,38,125
3387.png,13,121
0665.png,182,170
0857.png,74,130
4686.png,30,129
4100.png,218,130
0380.png,218,130
4460.png,214,154
4513.png,166,142
2729.png,197,128
3830.png,217,126
0400.png,33,154
1222.png,50,104
2334.png,206,126
2426.png,226,126
3885.png,54,102
1771.png,194,90
1323.png,197,133
0250.png,62,142
1130.png,202,142
2460.png,178,114
1563.png,234,126
0034.png,62,118
4398.png,226,110
5319.png,46,118
5509.png,234,146
4160.png,241,186
1200.png,70,110
4404.png,62,146
0264.png,53,141
1921.png,171,132
5329.png,38,110
4676.png,234,125
5311.png,230,134
5371.png,190,110
4181.png,210,134
1639.png,198,114
2096.png,73,126
3629.png,82,142
1273.png,74,102
3874.png,30,114
0453.png,58,142
3482.png,142,122
0312.png,169,130
4835.png,50,130
2036.png,195,117
2984.png,65,138
0628.png,220,126
1511.png,46,130
0514.png,90,122
0207.png,194,126
4961.png,45,150
2771.png,194,134
4644.png,217,182
2113.png,210,126
1671.png,190,130
0468.png,65,122
4688.png,30,110
4649.png,222,150
5147.png,206,118
0539.png,214,117
2561.png,217,114
3836.png,222,122
4051.png,230,154
3188.png,62,138
0260.png,70,118
3527.png,194,114
0606.png,210,130
1390.png,14,130
4469.png,201,130
3826.png,23,141
2031.png,198,90
4038.png,46,142
1018.png,210,134
4238.png,22,162
4654.png,210,150
2764.png,40,126
0404.png,194,126
2329.png,206,94
4819.png,222,150
2745.png,63,105
2415.png,185,118
0075.png,45,153
5367.png,34,118
3464.png,213,114
0911.png,182,105
1343.png,170,130
0785.png,42,122
4248.png,206,117
1579.png,209,122
2903.png,209,118
2619.png,186,122
3079.png,230,130
2459.png,58,142
4562.png,22,122
2627.png,62,134
1012.png,30,126
2769.png,98,132
4464.png,14,166
3414.png,54,114
5423.png,178,150
2104.png,78,119
3465.png,50,146
2417.png,53,117
1931.png,194,130
2436.png,82,109
4583.png,62,102
0741.png,194,118
1307.png,206,122
3324.png,39,142
0821.png,54,126
4477.png,190,170
3178.png,61,138
2770.png,90,110
3764.png,230,126
0315.png,54,125
3072.png,190,117
3313.png,182,134
1924.png,222,129
0270.png,70,98
1850.png,182,86
1894.png,198,142
1626.png,86,110
0694.png,58,122
0867.png,210,142
2645.png,206,121
5396.png,66,126
5453.png,230,150
1393.png,74,124
3615.png,74,130
1477.png,186,117
2391.png,166,142
1285.png,54,126
1270.png,62,170
1438.png,182,118
5458.png,242,126
0200.png,186,130
1775.png,198,128
3124.png,70,141
0881.png,66,114
2037.png,192,134
0484.png,222,102
1202.png,202,126
1607.png,74,118
2945.png,202,130
0970.png,206,122
4422.png,14,102
3410.png,201,121
0944.png,66,126
3923.png,18,120
5526.png,230,130
0179.png,194,126
4943.png,180,134
2743.png,198,118
0643.png,54,110
3114.png,170,126
1300.png,234,114
2989.png,66,130
3502.png,62,146
2843.png,42,118
4184.png,74,126
4458.png,230,150
0578.png,218,113
4597.png,54,142
3446.png,226,146
1958.png,42,114
4468.png,86,118
3460.png,178,122
4726.png,42,106
5001.png,210,142
2925.png,210,114
1129.png,46,138
1121.png,186,118
0926.png,178,138
5006.png,196,142
0287.png,194,110
2521.png,174,110
1292.png,218,146
5281.png,206,150
0661.png,50,134
0950.png,249,142
4247.png,70,142
4086.png,156,125
3813.png,66,146
4022.png,21,118
2189.png,206,114
3686.png,90,118
5212.png,50,125
3722.png,2,105
0272.png,98,142
4380.png,42,130
4949.png,18,134
4348.png,210,158
3189.png,195,131
0768.png,193,134
3740.png,204,142
1865.png,94,122
2003.png,90,118
1128.png,210,114
0311.png,82,134
4508.png,74,126
3711.png,13,116
0839.png,70,110
4300.png,230,126
1738.png,234,138
2879.png,194,158
4871.png,38,138
5572.png,173,161
2176.png,30,130
1335.png,73,130
5075.png,222,101
2249.png,41,114
2286.png,182,129
2654.png,218,127
2343.png,229,145
1762.png,213,122
2477.png,189,127
5483.png,210,134
2748.png,61,114
0713.png,102,105
5057.png,38,173
1278.png,174,125
1710.png,57,116
1992.png,222,110
0012.png,190,146
3363.png,61,85
4625.png,218,122
4636.png,222,174
3831.png,234,138
2277.png,163,141
3227.png,170,158
1032.png,78,118
2782.png,86,131
1631.png,194,130
1684.png,82,142
1486.png,54,134
5533.png,42,117
4292.png,186,150
4385.png,222,118
1853.png,46,122
3062.png,210,130
1690.png,34,106
2696.png,90,118
1448.png,64,123
0598.png,54,126
3633.png,57,126
3985.png,238,106
3094.png,197,122
1001.png,198,125
3912.png,58,114
0846.png,62,130
5513.png,210,106
0866.png,182,122
3664.png,206,122
2028.png,198,105
2228.png,45,142
3781.png,230,126
3381.png,186,138
4520.png,218,162
4916.png,222,122
0065.png,218,130
0241.png,182,142
5576.png,14,98
4906.png,60,126
0153.png,202,126
3450.png,78,130
3449.png,74,122
4593.png,66,146
3351.png,226,110
3203.png,76,146
3546.png,214,130
4441.png,58,122
3876.png,70,118
3156.png,194,126
3626.png,46,118
2955.png,66,118
2898.png,75,129
4225.png,249,118
3398.png,59,125
5130.png,194,90
1895.png,190,134
3515.png,222,125
5024.png,78,102
0597.png,166,126
5137.png,242,142
0875.png,53,121
2957.png,174,130
0042.png,54,117
1480.png,207,98
5485.png,58,150
2790.png,209,130
0931.png,42,106
0510.png,78,130
3655.png,194,114
0819.png,46,154
3357.png,204,128
3281.png,86,146
2349.png,205,126
5473.png,34,98
4319.png,66,118
1232.png,126,138
2689.png,229,86
3474.png,66,125
5193.png,194,122
4561.png,30,130
0800.png,74,122
0092.png,166,93
3462.png,202,126
0961.png,70,129
4622.png,58,109
1053.png,162,122
2429.png,77,150
4498.png,218,102
2623.png,53,129
4937.png,34,122
2883.png,202,122
2395.png,69,145
1852.png,194,126
0965.png,210,102
1072.png,53,130
4009.png,77,125
0479.png,78,146
1615.png,70,106
3559.png,70,134
4959.png,30,130
3709.png,201,130
4472.png,54,142
4531.png,30,142
1166.png,62,122
3768.png,25,138
1930.png,198,130
1253.png,58,133
0671.png,66,126
2246.png,190,130
2431.png,77,138
4171.png,186,106
3070.png,214,130
0927.png,50,105
2629.png,50,111
1063.png,199,114
0058.png,62,134
4236.png,30,174
1000.png,170,150
3756.png,54,130
2146.png,46,122
4444.png,14,109
2885.png,58,96
2073.png,206,98
3413.png,190,121
4068.png,222,150
1266.png,62,126
0605.png,226,118
2465.png,34,133
3289.png,174,130
1451.png,198,114
0658.png,186,134
1552.png,49,158
3778.png,230,114
3311.png,210,146
4992.png,214,120
5155.png,214,110
5422.png,46,110
3990.png,53,144
0425.png,34,134
1740.png,62,125
2765.png,62,122
1067.png,114,142
4612.png,38,110
4786.png,194,158
4772.png,234,154
3553.png,54,154
4492.png,70,150
1334.png,194,138
3573.png,46,113
2881.png,62,126
2363.png,62,114
4614.png,86,109
0511.png,57,134
4983.png,66,122
3519.png,186,122
1712.png,82,94
4220.png,214,155
3674.png,78,106
5451.png,218,138
3856.png,230,113
5459.png,73,121
1465.png,74,122
1623.png,177,125
4177.png,70,126
2307.png,50,158
5048.png,225,130
4368.png,226,122
3966.png,226,158
3409.png,52,113
2735.png,186,118
5456.png,170,122
4155.png,222,168
2878.png,70,106
3456.png,61,101
4381.png,70,98
5178.png,55,110
2997.png,66,122
2498.png,197,122
1065.png,170,130
4858.png,182,122
1542.png,170,114
5383.png,26,146
3259.png,50,118
1704.png,233,131
2821.png,74,90
3483.png,206,122
3611.png,190,122
5039.png,70,118
0203.png,222,130
4015.png,58,114
2366.png,198,130
